2026-05-29T22:51:46-03:00: [2026-05-30T01:51:46.334Z] Seeding last known good price: $2230.00
2026-05-29T22:51:46-03:00: [2026-05-30T01:51:46.366Z] CHARIZARD-PSA9-PERP keeper starting
2026-05-29T22:51:46-03:00: [2026-05-30T01:51:46.366Z]   Market:        CHARIZARD-PSA9-PERP
2026-05-29T22:51:46-03:00: [2026-05-30T01:51:46.366Z]   Source:        eBay PSA 9 median (pokemon-tcg-api, card ID 19395)
2026-05-29T22:51:46-03:00: [2026-05-30T01:51:46.366Z]   Program:       7DVf9oEMcKPV6VUUz5BpptbwqpgBfXunwxjTNNQmZvbJ
2026-05-29T22:51:46-03:00: [2026-05-30T01:51:46.366Z]   Oracle:        2euE9eMGTNwyW7jqG63JvRZfHeo7psKZgBCizfNMjW12
2026-05-29T22:51:46-03:00: [2026-05-30T01:51:46.366Z]   ProtocolState: 8cGem2Q8BrqYpvnwqscnGiKjoEZPXpyb8KziueJ24SiK
2026-05-29T22:51:46-03:00: [2026-05-30T01:51:46.366Z]   Admin:         2iVcXi6XXkm1X6w4qLbVvzC1fZ3yS57HxEyn5ghWopak
2026-05-29T22:51:46-03:00: [2026-05-30T01:51:46.366Z]   RPC:           https://api.devnet.solana.com
2026-05-29T22:51:46-03:00: [2026-05-30T01:51:46.366Z]   Interval:      300s
2026-05-29T22:51:46-03:00: [2026-05-30T01:51:46.366Z]   Range:         $500.00 – $10000.00
2026-05-29T22:51:46-03:00: [2026-05-30T01:51:46.367Z]   Deviation:     warn>25% reject>50%
2026-05-29T22:51:47-03:00: [2026-05-30T01:51:47.785Z] ebay_psa9=$2230.40 price=$2230.40 on_chain=2230400000 deviation=+0.0% tx=rJfdW9AEnn7RNb38Yfg22XGjRXnNnoUuF5JNqHHTy4viYzKGPeZ9dmN8574HYQsnfwzpMQNaXSaKHqUQhpuauR6
2026-05-29T22:56:49-03:00: [2026-05-30T01:56:49.017Z] ebay_psa9=$2230.40 price=$2230.40 on_chain=2230400000 deviation=+0.0% tx=y6bGTcBkGGBSmCa874H6CCFbfr6VaiaDcScX56HQHehAkeDrfq8svRRVW1D53k9yBGz1jEwRpMxkgS4DSVx25Pk
2026-05-29T23:01:49-03:00: [2026-05-30T02:01:49.429Z] ebay_psa9=$2230.40 price=$2230.40 on_chain=2230400000 deviation=+0.0% tx=F33uuWrqM8E6xXDySzs8dn2kunxpSu7LAAnqSvMrsn4t5DLVTtzGMPhW97qqrzrKsuBPwdA8VHUbhrz1wwivgoF
2026-05-29T23:06:49-03:00: [2026-05-30T02:06:49.640Z] ebay_psa9=$2230.40 price=$2230.40 on_chain=2230400000 deviation=+0.0% tx=39E2hNf1ViBDY6Mu6g1V7UgmNc1anCuihxnX1UrmryNuP4T4VAYBuzAgx2NQKgPJuGYYnUsFwSyD3mTaHUfSZNPB
2026-05-29T23:11:48-03:00: [2026-05-30T02:11:48.885Z] ebay_psa9=$2230.40 price=$2230.40 on_chain=2230400000 deviation=+0.0% tx=3p4wBWLsJXAEKG1S1Jpxd5nV2SWKEAhvTzmfaxikrErXtKnAFsMxBVDPsV7jWEv1qAuGp8ghjaaP6LgAGDAU37A1
2026-05-29T23:16:48-03:00: [2026-05-30T02:16:48.965Z] ebay_psa9=$2230.40 price=$2230.40 on_chain=2230400000 deviation=+0.0% tx=23Nwtcy8fBZacRUDnPTsF93Xr8YdpmKGfruKWYJ78mPjCQYupqFdakgJaRnjK6HqzTBtDUFMWFqosULYXKrdSTvJ
2026-05-29T23:21:49-03:00: [2026-05-30T02:21:49.153Z] ebay_psa9=$2230.40 price=$2230.40 on_chain=2230400000 deviation=+0.0% tx=2FP5LncKhYrfRA3T5NJih9zBTTkcxb6YECAAwtkdGpw88rQzBFU8CG2rZYKB9DX7qtYvREkw3t2PbnvssywfxMaB
2026-05-29T23:26:50-03:00: [2026-05-30T02:26:50.186Z] ebay_psa9=$2230.40 price=$2230.40 on_chain=2230400000 deviation=+0.0% tx=3TVTTeE6i4KqSUUscK6bavQUkKCueuPYJoa3rbm8eEkFgB54oQio76SQmHxfqqaL2KTiVxS8zPhSpfvv645QhRrU
2026-05-29T23:34:19-03:00: [2026-05-30T02:34:19.317Z] ebay_psa9=$2230.40 price=$2230.40 on_chain=2230400000 deviation=+0.0% tx=2c29PDQo6HHotxUm7T6oztFTYBLBnQGb9ExWw21rPNobByecACPamR4kvR5pL7CcoiE6wPngrTnCpdfo7eV8JL7e
2026-05-29T23:49:46-03:00: [2026-05-30T02:49:46.844Z] ebay_psa9=$2230.40 price=$2230.40 on_chain=2230400000 deviation=+0.0% tx=67Atsn7cxPyhe1gLLDwhVT14C9GpAsAdMcPeNxBpmcmZv6MyKLRaZFKfSkHtf9beVuwvq82yXVwazYnsDayvYkop
2026-05-29T23:53:14-03:00: [HEALTH] uptime=61min updates=10 errors=0 last_price=$2230.40 last_update=2026-05-30T02:49:46.844Z
2026-05-30T00:08:21-03:00: [2026-05-30T03:08:21.815Z] ebay_psa9=$2230.40 price=$2230.40 on_chain=2230400000 deviation=+0.0% tx=3kUnnZRr41JJov1zzPa1saT9NxfmsdG8mHRmkwQRB58KLtUBWpmFVe5VFJxGYeNFjVVz4kbkBeftbtJsmzKz6E76
2026-05-30T00:23:46-03:00: [2026-05-30T03:23:46.111Z] ebay_psa9=$2230.40 price=$2230.40 on_chain=2230400000 deviation=+0.0% tx=25DqZVBHR8RrjvhzeYhRhnWJUCfJZLLYbSip1beuphXJGxT4dpLssACF3CyXaaiGN92pgoVrFJJN9oP9A7d8ziii
2026-05-30T00:39:29-03:00: [2026-05-30T03:39:29.257Z] ebay_psa9=$2230.40 price=$2230.40 on_chain=2230400000 deviation=+0.0% tx=2D6RECL4G6Y64e58JYk7kLLduJtXS1sZ8k4Ma1wGGUGBLE4E9HdYXxja37hXrvSFdypr39zZ4Qw7AksL3dhR7CcX
2026-05-30T00:54:50-03:00: [HEALTH] uptime=123min updates=13 errors=0 last_price=$2230.40 last_update=2026-05-30T03:39:29.257Z
2026-05-30T00:54:52-03:00: [2026-05-30T03:54:52.540Z] ebay_psa9=$2230.40 price=$2230.40 on_chain=2230400000 deviation=+0.0% tx=3FGb3mq1xDGQfZpwvq1F8yACuWUGPoucnWZqsbLgrrxhKBApjt9z2acRNtzNFW84kRZY63NkkDLWx2EmSCzB5fsx
2026-05-30T01:10:15-03:00: [2026-05-30T04:10:15.958Z] ebay_psa9=$2230.40 price=$2230.40 on_chain=2230400000 deviation=+0.0% tx=dH1vfq5LvGSET4XxdAsJnuhok7E1pirGmeTEe5mmA6wViGvdYHajaV78PPGgVoQ77q5jPQgVMm9hiAGKjXbLrkH
2026-05-30T01:25:38-03:00: [2026-05-30T04:25:38.856Z] ebay_psa9=$2230.40 price=$2230.40 on_chain=2230400000 deviation=+0.0% tx=omoygiRmZRDcwLxWwVrMyZdFVVqqnidVqqpfAB1f6FQWCQwFbtkjsGTZBuAJsLrwtpgRzSPQc3FHi6vjEWwVaQF
2026-05-30T01:31:50-03:00: [2026-05-30T04:31:50.679Z] ebay_psa9=$2230.40 price=$2230.40 on_chain=2230400000 deviation=+0.0% tx=2g7TtaTboFthz6Y3cRcCn8sd4PCZwUmaSp3Ga9kuwWXhqf3tAhJnPbbgnM49KUfuo7kUgDG9mrN9ky3zBLs4miPs
2026-05-30T01:47:14-03:00: [2026-05-30T04:47:14.669Z] ebay_psa9=$2230.40 price=$2230.40 on_chain=2230400000 deviation=+0.0% tx=57sBXGAiwB8DnBX2vGab9BYyruaSpVQwx4DrF52K2jUAvWuiV2v81h84eU7takeYyn6gxv9Vk89LAJNvg1WuLPYF
2026-05-30T02:02:35-03:00: [HEALTH] uptime=191min updates=18 errors=0 last_price=$2230.40 last_update=2026-05-30T04:47:14.669Z
2026-05-30T02:02:37-03:00: [2026-05-30T05:02:37.753Z] ebay_psa9=$2230.40 price=$2230.40 on_chain=2230400000 deviation=+0.0% tx=5bezTopqtVs5DxcXQ5dkE32W3e7wsWn1arHqUX1GmNVjy6tBx1q8FtkvHtQRQt3MfD9iE3bZPPmsgCVQwHLahnsp
2026-05-30T02:18:01-03:00: [2026-05-30T05:18:01.252Z] ebay_psa9=$2230.40 price=$2230.40 on_chain=2230400000 deviation=+0.0% tx=3zwxedpByo1B5xQrSLPEkakzuDuKD96c5WHPvP9nSzPgXihGvsmjXbYGJHw8XMKP9jiq2tCQvdYYERCWz8p6Xc7T
2026-05-30T02:33:23-03:00: [2026-05-30T05:33:23.953Z] ebay_psa9=$2230.40 price=$2230.40 on_chain=2230400000 deviation=+0.0% tx=4H4nCExgw4sXrLYLRGPYAeaQwL3HBYuyyJLm5nQdBfqStiwdoYuuGke1bBSdA4Wo1axdpmsTLueP1EhW7XdTByTT
2026-05-30T02:48:53-03:00: [2026-05-30T05:48:53.366Z] ebay_psa9=$2230.40 price=$2230.40 on_chain=2230400000 deviation=+0.0% tx=59CV5CwzKyaoJAPz9v54nrkUAzMJR5FmHXECMUZJtDoAoDJC22BZR8aEhrKMw9jNjt86mxdmFJRpp6QNL7k1U3Ru
2026-05-30T03:04:27-03:00: [HEALTH] uptime=253min updates=22 errors=0 last_price=$2230.40 last_update=2026-05-30T05:48:53.366Z
2026-05-30T03:04:29-03:00: [2026-05-30T06:04:29.013Z] ebay_psa9=$2230.40 price=$2230.40 on_chain=2230400000 deviation=+0.0% tx=3zFiMTBKLFJT46S9DyPWq8czK7cS8XqAJjmjazuWA5mZCRdXRiwr92bvsTbzV2sQhpr1N884nsZAG8qwi1twabQX
2026-05-30T03:20:06-03:00: [2026-05-30T06:20:06.838Z] ebay_psa9=$2230.40 price=$2230.40 on_chain=2230400000 deviation=+0.0% tx=4nJ9WcksUv3Aoi1238TNB9uboEvSyvLQLbX2Jt3kUh3vsb7toLrVf9gt7RJ8iTmtx8DgxWNTfksh9zr9an4CSEzB
2026-05-30T03:35:39-03:00: [2026-05-30T06:35:39.262Z] ebay_psa9=$2230.40 price=$2230.40 on_chain=2230400000 deviation=+0.0% tx=4zY3WuerMAcNwjFSKicsLNqQybi3TuC1ukT446uN2owGx6ixGMjzGahqkuXYjxzN6s9gkNkVriyA95igDMeNU6Mb
2026-05-30T03:51:02-03:00: [2026-05-30T06:51:02.563Z] ebay_psa9=$2230.40 price=$2230.40 on_chain=2230400000 deviation=+0.0% tx=iZfNRMdPUJmcFixoPnztdm9NsbCwjfHpcMEQozwjPzxRZiUDzKV4NNFFU3Ms3hmE9X3o48M3y3Qsd36KBojctoP
2026-05-30T04:06:23-03:00: [HEALTH] uptime=315min updates=26 errors=0 last_price=$2230.40 last_update=2026-05-30T06:51:02.563Z
2026-05-30T04:06:25-03:00: [2026-05-30T07:06:25.478Z] ebay_psa9=$2230.40 price=$2230.40 on_chain=2230400000 deviation=+0.0% tx=31uz8yX1Mn1iAPL2XV3SyNoDDpVxRP1GYdTt4Mrv5qZEKLM5WAmqiRZjwjUQT5JWKjpXs4JUP6FcB13Zos1Xpe1R
2026-05-30T04:21:48-03:00: [2026-05-30T07:21:48.782Z] ebay_psa9=$2230.40 price=$2230.40 on_chain=2230400000 deviation=+0.0% tx=66exwttiBypWauQo2iSBnxK3m2e8AGDh7EK7SYpfqdiELY3TF2js7T3UZsaHRDo1ZEp2iCGUbCqfQWfy8xejSNUM
2026-05-30T04:37:12-03:00: [2026-05-30T07:37:12.403Z] ebay_psa9=$2230.40 price=$2230.40 on_chain=2230400000 deviation=+0.0% tx=59urjmdzpeDTixvbypN8Wwaqus8HHWGbDHQ4j36X1C9xbdMrXNcX7YqseFEM1VwxVDm1LxF3B4B36akWnRcoeVTk
2026-05-30T04:52:35-03:00: [2026-05-30T07:52:35.112Z] ebay_psa9=$2230.40 price=$2230.40 on_chain=2230400000 deviation=+0.0% tx=3K9DrawkRyuDHyiyGpGUBSYAPDcZcv78orVpGk4AaY4YGiDfqMHYXEqn55aDzeoJnHDJfqcwRQbYw89Crafe4ar3
2026-05-30T05:07:56-03:00: [HEALTH] uptime=376min updates=30 errors=0 last_price=$2230.40 last_update=2026-05-30T07:52:35.112Z
2026-05-30T05:07:58-03:00: [2026-05-30T08:07:58.625Z] ebay_psa9=$2230.40 price=$2230.40 on_chain=2230400000 deviation=+0.0% tx=Eic9ssaV3rV7a8BUYfxfeZ4d7KhfKwGNeE1YkrixY3A6tNsWxnbssWCu8C114DGCDU8VtUumJ4RYi63nMtqShvS
2026-05-30T05:23:22-03:00: [2026-05-30T08:23:22.031Z] ebay_psa9=$2230.40 price=$2230.40 on_chain=2230400000 deviation=+0.0% tx=3aRKUEebdwck52QqkscaddSydHR1hs8py7oRbNLeP5wqDq3Mys4uMff2iRPvTmAtSWdBCtZabd1JLAGFysd43MpF
2026-05-30T05:38:44-03:00: [2026-05-30T08:38:44.232Z] ebay_psa9=$2230.40 price=$2230.40 on_chain=2230400000 deviation=+0.0% tx=2er8CytTLU4yB4fdgxJ1ZyWqbat2NeiDwRy8Hc7xeJBPGrjvkt3nTyXAE2yEVrpthZ7SsLhikZRt7HvTgC8xMrTB
2026-05-30T05:54:13-03:00: [2026-05-30T08:54:13.256Z] ebay_psa9=$2230.40 price=$2230.40 on_chain=2230400000 deviation=+0.0% tx=5iL1VtYVdDz5jFt137uWHWzGR5TSbHeZRbkw27GQcM3FoHmmd1htEmVmoxug3f4UzJHyhdmqeRLz8GqhFMYpS29
2026-05-30T06:01:01-03:00: [2026-05-30T09:01:01.448Z] ebay_psa9=$2230.40 price=$2230.40 on_chain=2230400000 deviation=+0.0% tx=2LcFyUSosGbSac2iKrQR6Tuvfi31s7bPzdddmrvQsmF8dCDJvt4ZZFui7AEGZzvfjTYxEDzZN9J4LwcPSJvz5xYt
2026-05-30T06:16:22-03:00: [HEALTH] uptime=445min updates=35 errors=0 last_price=$2230.40 last_update=2026-05-30T09:01:01.447Z
2026-05-30T06:16:23-03:00: [2026-05-30T09:16:23.849Z] ebay_psa9=$2230.40 price=$2230.40 on_chain=2230400000 deviation=+0.0% tx=2BBVfmPn7mbnu8oQkDdFCW4v6CvbxkiRo36jvURdD71SDqL8XrztzKjxRMjEtiobHJA5P87cKxsYygTGVxgXiFS
2026-05-30T06:31:55-03:00: [2026-05-30T09:31:55.376Z] ebay_psa9=$2230.40 price=$2230.40 on_chain=2230400000 deviation=+0.0% tx=4gR8mTTFh2jVNMbQCfYg2fA6y1yqmsBhYwYbSNhJ26p9N5FBKAomx7bnS3HYiSdM5FmmTBdZWgvvtWghQfYJjPDu
2026-05-30T06:47:40-03:00: [2026-05-30T09:47:40.103Z] ebay_psa9=$2230.40 price=$2230.40 on_chain=2230400000 deviation=+0.0% tx=5LT4GjT9mijEt2oN26GRTBTNGzVTjvX4QQcEQq976zLVvVypfkeGHPue1YZpMxH8akSvqzxK4BWP7dwvJLGSiH1i
2026-05-30T07:03:03-03:00: [2026-05-30T10:03:03.624Z] ebay_psa9=$2230.40 price=$2230.40 on_chain=2230400000 deviation=+0.0% tx=rkeNXUjXWsBsxdYwYRtj37yY2P5aUsxndY9VKjaeJg5DL5N9JWtqpoZtzowtwDGAYivsum11EzbjRH51ztxdfC9
2026-05-30T07:18:25-03:00: [HEALTH] uptime=507min updates=39 errors=0 last_price=$2230.40 last_update=2026-05-30T10:03:03.624Z
2026-05-30T07:18:27-03:00: [2026-05-30T10:18:27.731Z] ebay_psa9=$2230.40 price=$2230.40 on_chain=2230400000 deviation=+0.0% tx=4kKVJNsSbdDAzF924PyAS9Khm32YZbwNp2Sd3xVQ6BqbPHBqJLiJewvtQ7PGrGAoxgQfyzbCq2zpftgRXnWt8wSY
2026-05-30T07:33:50-03:00: [2026-05-30T10:33:50.304Z] ebay_psa9=$2230.40 price=$2230.40 on_chain=2230400000 deviation=+0.0% tx=3dqnjLmodzaAQPotEYiiGgPkBSu6UHyepchGCzpGGzv9WzNgHwkn4xoM5upC8mZXnFyo291znpejM5kgBE35CME
2026-05-30T07:41:34-03:00: [2026-05-30T10:41:34.417Z] WARN  RapidAPI error (attempt 1/3): fetch failed. Retrying in 5s…
2026-05-30T07:41:39-03:00: [2026-05-30T10:41:39.426Z] WARN  RapidAPI error (attempt 2/3): fetch failed. Retrying in 15s…
2026-05-30T07:57:59-03:00: [2026-05-30T10:57:59.035Z] WARN  RapidAPI error (attempt 3/3): fetch failed. Retrying in 45s…
2026-05-30T07:57:59-03:00: [2026-05-30T10:57:59.035Z] WARN  RapidAPI error (attempt 1/3): fetch failed. Retrying in 5s…
2026-05-30T07:58:12-03:00: [2026-05-30T10:58:12.153Z] WARN  RapidAPI error (attempt 2/3): fetch failed. Retrying in 15s…
2026-05-30T08:00:27-03:00: [2026-05-30T11:00:27.961Z] ERROR RapidAPI fetch failed after retries: fetch failed
2026-05-30T08:00:27-03:00: [2026-05-30T11:00:27.961Z] WARN  No valid price from API. Using last known good: $2230.40
2026-05-30T08:00:27-03:00: [2026-05-30T11:00:27.964Z] WARN  RapidAPI error (attempt 3/3): fetch failed. Retrying in 45s…
2026-05-30T08:00:27-03:00: [2026-05-30T11:00:27.967Z] ERROR Solana RPC error (attempt 1/3): failed to get recent blockhash: TypeError: fetch failed. Retrying in 5s…
2026-05-30T08:00:32-03:00: [2026-05-30T11:00:32.975Z] ERROR Solana RPC error (attempt 2/3): failed to get recent blockhash: TypeError: fetch failed. Retrying in 15s…
2026-05-30T08:00:49-03:00: [2026-05-30T11:00:49.387Z] ebay_psa9=n/a price=$2230.40 on_chain=2230400000 deviation=+0.0% tx=2WiNZCwGqYRmMqZL6bE2rEA4Z68Ck4sVifGfjgG17EccNgtaYcQdvB42HET2RKekva8qV6d5Pg4KUV1zvhdkqUmT
2026-05-30T08:01:16-03:00: [2026-05-30T11:01:16.538Z] ebay_psa9=$2230.40 price=$2230.40 on_chain=2230400000 deviation=+0.0% tx=AyPtcZPaD3E8KBRHwhv4Erg2f5UWyQbmA4xyk8xiDB8VmHMNN5WLR8Vkk6EgK2iqTDgmiMNok6uaSCazXM8hmWH
2026-05-30T08:17:27-03:00: [2026-05-30T11:17:27.121Z] ebay_psa9=$2230.40 price=$2230.40 on_chain=2230400000 deviation=+0.0% tx=4UVx1czBXHGF8ewnNcC9J3V7WgxH8aLNPJWLzv7jsYHTwU4eKmHawg5v3JcHxY85huj5CcnhQmgnDjtf5pw7Yw8b
2026-05-30T08:21:20-03:00: [HEALTH] uptime=570min updates=44 errors=1 last_price=$2230.40 last_update=2026-05-30T11:17:27.121Z
2026-05-30T08:39:18-03:00: [2026-05-30T11:39:18.680Z] ebay_psa9=$2230.40 price=$2230.40 on_chain=2230400000 deviation=+0.0% tx=5BcJ3i5fKp9Fs3TSnDQCuB5vLwDpSZ6uwhYf4Ydsp1sncrrFEHg8cxPqwaC8UYkAbq192eR2JGWta7CDDuxTsfNa
2026-05-30T08:54:41-03:00: [2026-05-30T11:54:41.847Z] ebay_psa9=$2230.40 price=$2230.40 on_chain=2230400000 deviation=+0.0% tx=4RAjkaPnoEpQgMCx7gKkCHYLT551pb9jKgTNWTEvbubHYCTp3CqdQW3i8x2Ff32wW3idZzcuYeUFHDNTZc3no2uN
2026-05-30T09:02:01-03:00: [2026-05-30T12:02:01.804Z] ebay_psa9=$2230.40 price=$2230.40 on_chain=2230400000 deviation=+0.0% tx=2cbYZGUR1wC3er2CTGvP5S3dfVvpZ8sQxYjM8aikBUnEVvkGRcNGJWaE7s8UYRZDWCv7WY3ZnyCs5DzBgGWgagjK
2026-05-30T09:19:39-03:00: [2026-05-30T12:19:39.620Z] ebay_psa9=$2230.40 price=$2230.40 on_chain=2230400000 deviation=+0.0% tx=5cETRWb9gyMpnwjRtdTtF7VUyDJdAqmcPjdF9WSwvxvSfEzQmG5dprAr84d2Amt7Lj4d3dEUjEKoDSoJXjz7UEix
2026-05-30T09:35:21-03:00: [HEALTH] uptime=644min updates=48 errors=1 last_price=$2230.40 last_update=2026-05-30T12:19:39.620Z
2026-05-30T09:35:23-03:00: [2026-05-30T12:35:23.787Z] ebay_psa9=$2230.40 price=$2230.40 on_chain=2230400000 deviation=+0.0% tx=4aXzatMj8QUEucpDqyiheFMZKg35rgnDk3FU1ggJZobTmSzxadpjab9UDwjqJWh9bWCYEp7W3yzEm2CSJ6kvrFir
2026-05-30T09:53:18-03:00: [2026-05-30T12:53:18.490Z] ebay_psa9=$2230.40 price=$2230.40 on_chain=2230400000 deviation=+0.0% tx=3YCszgeLvZJr5DeMVu6EDEGqbtWD62YbDe3EtA8evcVnL3n27nwaKqXrmh11Vujc1tqrgL4D64UTrSpFRcrzGWS7
2026-05-30T10:03:01-03:00: [2026-05-30T13:03:01.919Z] ebay_psa9=$2230.40 price=$2230.40 on_chain=2230400000 deviation=+0.0% tx=5gWAV81HbWQeN4SRsb5N9EoQvupDLHb8M3AeU7Zb7k3W9zCqWiQ83F84ijAzn7mpqk5XqZiq33NePdaPDVeM7Yt
2026-05-30T10:20:05-03:00: [2026-05-30T13:20:05.612Z] ebay_psa9=$2230.40 price=$2230.40 on_chain=2230400000 deviation=+0.0% tx=WkRaP78VYJhLgU169duDD8kF8ScUrGDwA7eeyDmdqpthzN3bky3YwesREHfnfyF8PhLKp1oFxACMjUvf4YaARTd
2026-05-30T10:31:47-03:00: [2026-05-30T13:31:47.891Z] ebay_psa9=$2230.40 price=$2230.40 on_chain=2230400000 deviation=+0.0% tx=36FkSPa17PkVdhkwopyCnQuX3LgUcDSJYjWKAEKdDTKYLuaSMcLwjHkjpjgpkC7wNy3GfVXxFjVu5oxiPmTMXhAq
2026-05-30T10:50:11-03:00: [HEALTH] uptime=718min updates=53 errors=1 last_price=$2230.40 last_update=2026-05-30T13:31:47.891Z
2026-05-30T10:50:13-03:00: [2026-05-30T13:50:13.660Z] ebay_psa9=$2230.40 price=$2230.40 on_chain=2230400000 deviation=+0.0% tx=4Z3iMkYp9iQAdzc6h3JQEsNnLgHsxSr7jXCA5jhLyNF3PbX6JWTXvuzTHaHv8PUJigbWhMTB9JNPbTA26Qik4Pyq
2026-05-30T10:57:07-03:00: [2026-05-30T13:57:07.764Z] ebay_psa9=$2230.40 price=$2230.40 on_chain=2230400000 deviation=+0.0% tx=2r1cuE19VbHSL4b9Dsmg6cWqvwN4DHd8fmnamBn2FbK7vTNHKnofVxH9EQYemVrH9wD6DYcQRrAfodYSAGodWajW
2026-05-30T11:04:02-03:00: [2026-05-30T14:04:02.028Z] ebay_psa9=$2230.40 price=$2230.40 on_chain=2230400000 deviation=+0.0% tx=5GqryRhY8ipmJGdnFkjApAsLMyfgk7NAguiFHigdgZXytwMB5pkcXKhDuLhM8r22nCrzFVaXLGf2nxDJUTRfYNyf
2026-05-30T11:21:08-03:00: [2026-05-30T14:21:08.993Z] ebay_psa9=$2230.40 price=$2230.40 on_chain=2230400000 deviation=+0.0% tx=vfhyL8e4iUomgp9GCWftCwn4EDcxAn2T1nmqMwd9StkTTD9AKMEBnDbZcgDYXdfyDQoodHEshQB5QePuqKCK2me
2026-05-30T11:40:54-03:00: [2026-05-30T14:40:54.713Z] ebay_psa9=$2230.40 price=$2230.40 on_chain=2230400000 deviation=+0.0% tx=4WuQszJkVudme8bGtotShgARVbNnDgLuUkCH42DR5DpasLTbNEBVthXV9cXt9JktcpW9KECHFroY5BmtbfQwmSeA
2026-05-30T11:56:07-03:00: [HEALTH] uptime=784min updates=58 errors=1 last_price=$2230.40 last_update=2026-05-30T14:40:54.713Z
2026-05-30T11:56:09-03:00: [2026-05-30T14:56:09.692Z] ebay_psa9=$2230.40 price=$2230.40 on_chain=2230400000 deviation=+0.0% tx=2jic4jMzgAtpSs9cgVVSkPGkP2xH8A8mJjrebbbwghrwfMqzvuxng8VkcKVd861PcgzijqU9UpsrNDFLeEz7cbmH
2026-05-30T12:05:01-03:00: [2026-05-30T15:05:01.484Z] ebay_psa9=$2230.40 price=$2230.40 on_chain=2230400000 deviation=+0.0% tx=5viW3H6N7xKYcwU3jMBEoJE9dyn2CLhWyB1U6KHWuveUgpL4TcWXR9mKVtwSMjRECjgz6Nop6KYRC5Wq1EwGJbWP
2026-05-30T12:11:08-03:00: [2026-05-30T15:11:08.153Z] ebay_psa9=$2230.40 price=$2230.40 on_chain=2230400000 deviation=+0.0% tx=3yzsFFTmQp91umELc6a6mvmD91jpcYrCrQnms5ggD3Du5Bi1ZtsGtDEQGtD7TnfwJeSooJ1q2AR3p4J43VQYb7Vq
2026-05-30T12:17:08-03:00: [2026-05-30T15:17:08.552Z] ebay_psa9=$2230.40 price=$2230.40 on_chain=2230400000 deviation=+0.0% tx=dkhznvUCBrzxTnvEBPazirShPyxzcUib3camqSfJukmdb2Vw2QLfwJBtgPZtEEja2pU1KEcnTCx6bGWaPyp9MEF
2026-05-30T12:28:18-03:00: [2026-05-30T15:28:18.871Z] ebay_psa9=$2230.40 price=$2230.40 on_chain=2230400000 deviation=+0.0% tx=5v4mNEzRVsWrZeMh2Tu6q8KSDBEBizWB228pTfmcnZPipqzjs4MVM4rik45B8CoWiaD1kgZptYRKVktR3AEEMjpo
2026-05-30T12:33:18-03:00: [2026-05-30T15:33:18.561Z] ebay_psa9=$2230.40 price=$2230.40 on_chain=2230400000 deviation=+0.0% tx=5pR5wTyemDf87EQPdaSjAuQECmqWFSmQ6D5qcGb6zkcVZZHD43pkghitf7M3yAJEyBpPSSvDbYVMDaHAmAqjxz3V
2026-05-30T12:38:37-03:00: [2026-05-30T15:38:37.488Z] ebay_psa9=$2230.40 price=$2230.40 on_chain=2230400000 deviation=+0.0% tx=2Ew5uG1s5mMG1hSGKRywm6KYTJhBDTtGSr7tdXz2BDA6NTtGVZupWHq8SkkXFkjdst4DzSEwsqmfdadKGzdu7koU
2026-05-30T12:45:45-03:00: [2026-05-30T15:45:45.522Z] ebay_psa9=$2230.40 price=$2230.40 on_chain=2230400000 deviation=+0.0% tx=4XQodJwKyGdSEQNQaaUs1H3ap4xhdP2e7FqKioxRXbu245NQPtTi5avetaY48Gm18QzzLgLpc9AzC23uLvwh2qAF
2026-05-30T13:02:49-03:00: [HEALTH] uptime=851min updates=66 errors=1 last_price=$2230.40 last_update=2026-05-30T15:45:45.522Z
2026-05-30T13:02:51-03:00: [2026-05-30T16:02:51.011Z] ebay_psa9=$2230.40 price=$2230.40 on_chain=2230400000 deviation=+0.0% tx=mM5e6wXtiPuhpswDdzEQ6f9FWqgGAcAvzDqcXVK3H4FX1PkYvm7tQ46jnrAfqDY2yud9xCmvHfmJ1oTAEEZSRSr
2026-05-30T13:24:01-03:00: [2026-05-30T16:24:01.187Z] ebay_psa9=$2230.40 price=$2230.40 on_chain=2230400000 deviation=+0.0% tx=4gs3HiYbZVJrWMUyfL5dypk9BGP6Drtf6X7inpKjdGaE9ppCCBAQVrjFfkSTNC7kS2KDVnGH64dxwmgjnBYdCKPp
2026-05-30T13:37:26-03:00: [2026-05-30T16:37:26.464Z] ebay_psa9=$2230.40 price=$2230.40 on_chain=2230400000 deviation=+0.0% tx=4P8ZiUbk8UFUMRp45aLvnR964Lq63Ci59qiacFvZCmie4UxbTZpxayF35twHvSt95ntnJb1giaMigF8idQAo2FMa
2026-05-30T13:43:54-03:00: [2026-05-30T16:43:54.956Z] ebay_psa9=$2230.40 price=$2230.40 on_chain=2230400000 deviation=+0.0% tx=2hhspFeGN6LKfmSLimNHsW1oz1XKBCgAUdxyQaymrf3C3XKFHbgSF8pEbokN6fgG6zbH8Cm6AgmARfHSQYk1m5Zr
2026-05-30T13:49:53-03:00: [2026-05-30T16:49:53.164Z] ebay_psa9=$2230.40 price=$2230.40 on_chain=2230400000 deviation=+0.0% tx=3riWpJ1oTaP7MScVtBwEiJXZbrG9QANXRcgd7SZrvxSSuWVtbY8FCMk8nfftYE2W5f1vXTANRcWHc5C6hmG7LxtA
2026-05-30T14:03:14-03:00: [HEALTH] uptime=911min updates=71 errors=1 last_price=$2230.40 last_update=2026-05-30T16:49:53.164Z
2026-05-30T14:03:16-03:00: [2026-05-30T17:03:16.694Z] ebay_psa9=$2230.40 price=$2230.40 on_chain=2230400000 deviation=+0.0% tx=vtr3WaTwU4oAGQhYzuhpoFUKcGedfkUyeQBGM8k2YQrFPHoMz91jUN8NkB9s3ekvx3grGhBBrqbGFDPwCnKB3vh
2026-05-30T14:23:02-03:00: [2026-05-30T17:23:02.330Z] ebay_psa9=$2230.40 price=$2230.40 on_chain=2230400000 deviation=+0.0% tx=XzZg8Z4J3ePBdYKso5koMcwC8t8L9YvZ9zT1E8vjnkRtVY56cGEZys35QamVzzyMjgCmHzf9FzBPgaz8N3q6JNa
2026-05-30T14:28:01-03:00: [2026-05-30T17:28:01.505Z] ebay_psa9=$2230.40 price=$2230.40 on_chain=2230400000 deviation=+0.0% tx=3JN2oKNYoDChwgeVY5bbgJ1a9Aie7pwcoEdJBEnhuWZpsDTdpgPzwpNYQmrCgdTFKbGBadvXLXtxzow4bKp9KskN
2026-05-30T14:33:02-03:00: [2026-05-30T17:33:02.277Z] ebay_psa9=$2230.40 price=$2230.40 on_chain=2230400000 deviation=+0.0% tx=KQ6UW1sBYCdhUUN56h5nf7V3fzpWdGA2eGMuNFjHfekTZgCzs6aTa5hCUXZCUioCzEQipdUQueNMGpNwttaqzX4
2026-05-30T14:38:02-03:00: [2026-05-30T17:38:02.310Z] ebay_psa9=$2230.40 price=$2230.40 on_chain=2230400000 deviation=+0.0% tx=4pD4h77mXwAbK6NCCRZ3xcwA6wzhKREKx9ZQvXZG8MYWXBGmCZwmBLHaYeU4ZP78rjozhQxD2YfBofAwbPcnKRCr
2026-05-30T14:43:02-03:00: [2026-05-30T17:43:02.014Z] ebay_psa9=$2230.40 price=$2230.40 on_chain=2230400000 deviation=+0.0% tx=3N18V7AAp8uJ9rcFwVW6Q3AY7xqMj4VeBKSe5Xr7zDkvT5YihhpocG32D1jE6KPVH4vsDEBB7Wn3WskFZJxKcDU2
2026-05-30T14:48:01-03:00: [2026-05-30T17:48:01.634Z] ebay_psa9=$2230.40 price=$2230.40 on_chain=2230400000 deviation=+0.0% tx=NA6Hs1yrNPyAYHspCuSJtYMZtcmQ3A9B9cxV5J6iABz43PjZv4rckzkdk7gWjsW2ssdiiojAgBWqMhYyKKgAsBb
2026-05-30T14:53:01-03:00: [2026-05-30T17:53:01.538Z] ebay_psa9=$2230.40 price=$2230.40 on_chain=2230400000 deviation=+0.0% tx=4tXyrcXdrGY1TywArkzhMmnjR9rsyXhuFjUubvunoa2Efck3MGGRX4dnH3aGPoy53XDRgSsDmG7iYU8eptZ3aH6X
2026-05-30T14:58:01-03:00: [2026-05-30T17:58:01.605Z] ebay_psa9=$2230.40 price=$2230.40 on_chain=2230400000 deviation=+0.0% tx=o1s4LPdQUr6TpuRytxYLBTa1BtYHpbPGLMEvjWVgoH1xUqnc3pYgDk54db655GnJdSoz2BJCwPworifh7yLduny
2026-05-30T15:03:01-03:00: [2026-05-30T18:03:01.425Z] ebay_psa9=$2230.40 price=$2230.40 on_chain=2230400000 deviation=+0.0% tx=61Rn4N81EQYvommwSg3Rhge5wvV9ZksWjkAp5RnUWN6BKhQcWFcsDLzR7CVWJCngtivxNRn1SGJVfDC35BAf6ZFN
2026-05-30T15:03:14-03:00: [HEALTH] uptime=971min updates=81 errors=1 last_price=$2230.40 last_update=2026-05-30T18:03:01.425Z
2026-05-30T15:08:01-03:00: [2026-05-30T18:08:01.694Z] ebay_psa9=$2230.40 price=$2230.40 on_chain=2230400000 deviation=+0.0% tx=26DxyoFzbpni4dgcXG5SAihB9e4gBD256XZiTCWRNrrQMjffXcxYjpT6Lz4U9FBHNedZwv2WH31dXU1ZD77AufbC
2026-05-30T15:13:01-03:00: [2026-05-30T18:13:01.499Z] ebay_psa9=$2230.40 price=$2230.40 on_chain=2230400000 deviation=+0.0% tx=3iZoUr77czkZmQ7LXtz2QqJF9G7QR3b8uSye7CZm94CemvUQvp85Lp1pT7onyXyKbrTgZX1GfcaUysM8a7jSmyGD
2026-05-30T15:18:02-03:00: [2026-05-30T18:18:02.052Z] ebay_psa9=$2230.40 price=$2230.40 on_chain=2230400000 deviation=+0.0% tx=4FuUVU31hiD4qyPM92mQuT8yXMuHWooAA6YsZM7XZVx5mAHv8Ras2Y2SX9KxZXGDAUr8Xgqpgqnt2kUA5bRZdCnf
2026-05-30T15:23:00-03:00: [2026-05-30T18:23:00.247Z] WARN  RapidAPI error (attempt 1/3): RapidAPI HTTP 403: {"message":"You are not subscribed to this API."}. Retrying in 5s…
2026-05-30T15:23:05-03:00: [2026-05-30T18:23:05.577Z] WARN  RapidAPI error (attempt 2/3): RapidAPI HTTP 403: {"message":"You are not subscribed to this API."}. Retrying in 15s…
2026-05-30T15:23:20-03:00: [2026-05-30T18:23:20.879Z] WARN  RapidAPI error (attempt 3/3): RapidAPI HTTP 403: {"message":"You are not subscribed to this API."}. Retrying in 45s…
2026-05-30T15:24:06-03:00: [2026-05-30T18:24:06.136Z] ERROR RapidAPI fetch failed after retries: RapidAPI HTTP 403: {"message":"You are not subscribed to this API."}
2026-05-30T15:24:06-03:00: [2026-05-30T18:24:06.136Z] WARN  No valid price from API. Using last known good: $2230.40
2026-05-30T15:24:07-03:00: [2026-05-30T18:24:07.255Z] ebay_psa9=n/a price=$2230.40 on_chain=2230400000 deviation=+0.0% tx=45gdejdZVgjxn6q4hdMNCe4qVexYdzhDMEuWPWddTk752Yh5ZJ2FFn83UeRN5CDrsviQtqbVPy7ZptUYchdRVeTQ
2026-05-30T15:28:00-03:00: [2026-05-30T18:28:00.422Z] WARN  RapidAPI error (attempt 1/3): RapidAPI HTTP 403: {"message":"You are not subscribed to this API."}. Retrying in 5s…
2026-05-30T15:28:05-03:00: [2026-05-30T18:28:05.756Z] WARN  RapidAPI error (attempt 2/3): RapidAPI HTTP 403: {"message":"You are not subscribed to this API."}. Retrying in 15s…
2026-05-30T15:28:21-03:00: [2026-05-30T18:28:21.036Z] WARN  RapidAPI error (attempt 3/3): RapidAPI HTTP 403: {"message":"You are not subscribed to this API."}. Retrying in 45s…
2026-05-30T15:29:06-03:00: [2026-05-30T18:29:06.613Z] ERROR RapidAPI fetch failed after retries: RapidAPI HTTP 403: {"message":"You are not subscribed to this API."}
2026-05-30T15:29:06-03:00: [2026-05-30T18:29:06.614Z] WARN  No valid price from API. Using last known good: $2230.40
2026-05-30T15:29:07-03:00: [2026-05-30T18:29:07.655Z] ebay_psa9=n/a price=$2230.40 on_chain=2230400000 deviation=+0.0% tx=5qsx2hnePz6Fd1L4JmYaqQxPH97tQizuvLdXF1rSSY2T8fRgquncj66UdGaoPdE7PpC4cpz2oRFNN932voTQUNvr
2026-05-30T15:33:00-03:00: [2026-05-30T18:33:00.352Z] WARN  RapidAPI error (attempt 1/3): RapidAPI HTTP 403: {"message":"You are not subscribed to this API."}. Retrying in 5s…
2026-05-30T15:33:05-03:00: [2026-05-30T18:33:05.657Z] WARN  RapidAPI error (attempt 2/3): RapidAPI HTTP 403: {"message":"You are not subscribed to this API."}. Retrying in 15s…
2026-05-30T15:33:21-03:00: [2026-05-30T18:33:21.158Z] WARN  RapidAPI error (attempt 3/3): RapidAPI HTTP 403: {"message":"You are not subscribed to this API."}. Retrying in 45s…
2026-05-30T15:34:06-03:00: [2026-05-30T18:34:06.723Z] ERROR RapidAPI fetch failed after retries: RapidAPI HTTP 403: {"message":"You are not subscribed to this API."}
2026-05-30T15:34:06-03:00: [2026-05-30T18:34:06.723Z] WARN  No valid price from API. Using last known good: $2230.40
2026-05-30T15:34:07-03:00: [2026-05-30T18:34:07.485Z] ebay_psa9=n/a price=$2230.40 on_chain=2230400000 deviation=+0.0% tx=4YpfSCGXYZuHoc7BdfyKk43M8SKASm9jxFd74vasFxHK4WytQHdz8sXN24TEBS2HQb9k7EPUxFuEE4vgLL2aET2p
2026-05-30T15:38:00-03:00: [2026-05-30T18:38:00.272Z] WARN  RapidAPI error (attempt 1/3): RapidAPI HTTP 403: {"message":"You are not subscribed to this API."}. Retrying in 5s…
2026-05-30T15:38:05-03:00: [2026-05-30T18:38:05.524Z] WARN  RapidAPI error (attempt 2/3): RapidAPI HTTP 403: {"message":"You are not subscribed to this API."}. Retrying in 15s…
2026-05-30T15:38:20-03:00: [2026-05-30T18:38:20.830Z] WARN  RapidAPI error (attempt 3/3): RapidAPI HTTP 403: {"message":"You are not subscribed to this API."}. Retrying in 45s…
2026-05-30T15:39:06-03:00: [2026-05-30T18:39:06.105Z] ERROR RapidAPI fetch failed after retries: RapidAPI HTTP 403: {"message":"You are not subscribed to this API."}
2026-05-30T15:39:06-03:00: [2026-05-30T18:39:06.106Z] WARN  No valid price from API. Using last known good: $2230.40
2026-05-30T15:39:06-03:00: [2026-05-30T18:39:06.908Z] ebay_psa9=n/a price=$2230.40 on_chain=2230400000 deviation=+0.0% tx=3MNQw8Avn5MNSvqisr44mWNesXJAZh8DNa9t9mp3siGx2zkfBSGi12VhzciGExiuVN2qBBW2N1V2Wb8n8yJUy9Fh
2026-05-30T15:43:00-03:00: [2026-05-30T18:43:00.259Z] WARN  RapidAPI error (attempt 1/3): RapidAPI HTTP 403: {"message":"You are not subscribed to this API."}. Retrying in 5s…
2026-05-30T15:43:05-03:00: [2026-05-30T18:43:05.581Z] WARN  RapidAPI error (attempt 2/3): RapidAPI HTTP 403: {"message":"You are not subscribed to this API."}. Retrying in 15s…
2026-05-30T15:43:20-03:00: [2026-05-30T18:43:20.916Z] WARN  RapidAPI error (attempt 3/3): RapidAPI HTTP 403: {"message":"You are not subscribed to this API."}. Retrying in 45s…
2026-05-30T15:44:06-03:00: [2026-05-30T18:44:06.286Z] ERROR RapidAPI fetch failed after retries: RapidAPI HTTP 403: {"message":"You are not subscribed to this API."}
2026-05-30T15:44:06-03:00: [2026-05-30T18:44:06.293Z] WARN  No valid price from API. Using last known good: $2230.40
2026-05-30T15:44:07-03:00: [2026-05-30T18:44:07.102Z] ebay_psa9=n/a price=$2230.40 on_chain=2230400000 deviation=+0.0% tx=54oycqF8XneQd6fpiS9qbCdt1b3z2KhWaAYs9WksU5Kh5GkJWbo7HPcRo4RmvcqH85YQEyALFccfaNJsfp9dRJg9
2026-05-30T15:48:00-03:00: [2026-05-30T18:48:00.236Z] WARN  RapidAPI error (attempt 1/3): RapidAPI HTTP 403: {"message":"You are not subscribed to this API."}. Retrying in 5s…
2026-05-30T15:48:13-03:00: [2026-05-30T18:48:13.322Z] WARN  RapidAPI error (attempt 2/3): RapidAPI HTTP 403: {"message":"You are not subscribed to this API."}. Retrying in 15s…
2026-05-30T15:48:28-03:00: [2026-05-30T18:48:28.704Z] WARN  RapidAPI error (attempt 3/3): RapidAPI HTTP 403: {"message":"You are not subscribed to this API."}. Retrying in 45s…
2026-05-30T15:49:13-03:00: [2026-05-30T18:49:13.995Z] ERROR RapidAPI fetch failed after retries: RapidAPI HTTP 403: {"message":"You are not subscribed to this API."}
2026-05-30T15:49:13-03:00: [2026-05-30T18:49:13.996Z] WARN  No valid price from API. Using last known good: $2230.40
2026-05-30T15:49:15-03:00: [2026-05-30T18:49:15.061Z] ebay_psa9=n/a price=$2230.40 on_chain=2230400000 deviation=+0.0% tx=4JzNNmoPNcrcX2EPPb7GY9meMx7Rkmmy6cestF2i11eHjknXnfkXfnH1Z4GFmW5uefj8XYBZyUWzdkvQUpYiEoZQ
2026-05-30T15:53:00-03:00: [2026-05-30T18:53:00.170Z] WARN  RapidAPI error (attempt 1/3): RapidAPI HTTP 403: {"message":"You are not subscribed to this API."}. Retrying in 5s…
2026-05-30T15:53:05-03:00: [2026-05-30T18:53:05.513Z] WARN  RapidAPI error (attempt 2/3): RapidAPI HTTP 403: {"message":"You are not subscribed to this API."}. Retrying in 15s…
2026-05-30T15:53:20-03:00: [2026-05-30T18:53:20.802Z] WARN  RapidAPI error (attempt 3/3): RapidAPI HTTP 403: {"message":"You are not subscribed to this API."}. Retrying in 45s…
2026-05-30T15:54:06-03:00: [2026-05-30T18:54:06.155Z] ERROR RapidAPI fetch failed after retries: RapidAPI HTTP 403: {"message":"You are not subscribed to this API."}
2026-05-30T15:54:06-03:00: [2026-05-30T18:54:06.156Z] WARN  No valid price from API. Using last known good: $2230.40
2026-05-30T15:54:06-03:00: [2026-05-30T18:54:06.865Z] ebay_psa9=n/a price=$2230.40 on_chain=2230400000 deviation=+0.0% tx=5xFL2SL6Z6feo9KhKuYdNnDnKABRs3uK1jRq4XKSXHyr4NG4CxxqyXcE1kJmqBKJy6FyzXZ7rvg1wJE7mURRqjsF
2026-05-30T15:58:00-03:00: [2026-05-30T18:58:00.176Z] WARN  RapidAPI error (attempt 1/3): RapidAPI HTTP 403: {"message":"You are not subscribed to this API."}. Retrying in 5s…
2026-05-30T15:58:05-03:00: [2026-05-30T18:58:05.614Z] WARN  RapidAPI error (attempt 2/3): RapidAPI HTTP 403: {"message":"You are not subscribed to this API."}. Retrying in 15s…
2026-05-30T15:58:21-03:00: [2026-05-30T18:58:21.070Z] WARN  RapidAPI error (attempt 3/3): RapidAPI HTTP 403: {"message":"You are not subscribed to this API."}. Retrying in 45s…
2026-05-30T16:13:45-03:00: [HEALTH] uptime=1042min updates=91 errors=8 last_price=$2230.40 last_update=2026-05-30T18:54:06.865Z
2026-05-30T16:13:46-03:00: [2026-05-30T19:13:46.762Z] ERROR RapidAPI fetch failed after retries: RapidAPI HTTP 429: {"message":"Too many requests"}
2026-05-30T16:13:46-03:00: [2026-05-30T19:13:46.762Z] WARN  No valid price from API. Using last known good: $2230.40
2026-05-30T16:13:46-03:00: [2026-05-30T19:13:46.842Z] WARN  RapidAPI error (attempt 1/3): RapidAPI HTTP 403: {"message":"You are not subscribed to this API."}. Retrying in 5s…
2026-05-30T16:13:47-03:00: [2026-05-30T19:13:47.582Z] ebay_psa9=n/a price=$2230.40 on_chain=2230400000 deviation=+0.0% tx=5esbNGuSuPuZ6Gc9WR6xNAnk1y8LqWvYBjn1Usmv5wwdea5YhLU45t3wYqwx4sQsK57y5p3kDiFAxMpHemawZRhY
2026-05-30T16:16:34-03:00: [2026-05-30T19:16:34.956Z] WARN  RapidAPI error (attempt 2/3): RapidAPI HTTP 403: {"message":"You are not subscribed to this API."}. Retrying in 15s…
2026-05-30T16:17:37-03:00: [2026-05-30T19:17:37.557Z] WARN  RapidAPI error (attempt 3/3): RapidAPI HTTP 403: {"message":"You are not subscribed to this API."}. Retrying in 45s…
2026-05-30T16:19:36-03:00: [2026-05-30T19:19:36.497Z] WARN  RapidAPI error (attempt 1/3): RapidAPI HTTP 403: {"message":"You are not subscribed to this API."}. Retrying in 5s…
2026-05-30T16:19:36-03:00: [2026-05-30T19:19:36.498Z] ERROR RapidAPI fetch failed after retries: RapidAPI HTTP 403: {"message":"You are not subscribed to this API."}
2026-05-30T16:19:36-03:00: [2026-05-30T19:19:36.498Z] WARN  No valid price from API. Using last known good: $2230.40
2026-05-30T16:19:37-03:00: [2026-05-30T19:19:37.056Z] ebay_psa9=n/a price=$2230.40 on_chain=2230400000 deviation=+0.0% tx=apwgWZTiH19mJhK2tDUhEW7apSiksYcWLjvCC6MiEdbaAx4wctY68ZTV7cLYZ6YrQFN532GNhwoEcTfFLkYVkqq
2026-05-30T16:19:41-03:00: [2026-05-30T19:19:41.764Z] WARN  RapidAPI error (attempt 2/3): RapidAPI HTTP 403: {"message":"You are not subscribed to this API."}. Retrying in 15s…
2026-05-30T16:34:58-03:00: [2026-05-30T19:34:58.786Z] WARN  RapidAPI error (attempt 3/3): RapidAPI HTTP 429: {"message":"Too many requests"}. Retrying in 45s…
2026-05-30T16:34:58-03:00: [2026-05-30T19:34:58.817Z] WARN  RapidAPI error (attempt 1/3): RapidAPI HTTP 403: {"message":"You are not subscribed to this API."}. Retrying in 5s…
2026-05-30T16:44:23-03:00: [2026-05-30T19:44:23.972Z] ERROR RapidAPI fetch failed after retries: RapidAPI HTTP 429: {"message":"Too many requests"}
2026-05-30T16:44:23-03:00: [2026-05-30T19:44:23.972Z] WARN  No valid price from API. Using last known good: $2230.40
2026-05-30T16:44:23-03:00: [2026-05-30T19:44:23.999Z] WARN  RapidAPI error (attempt 2/3): RapidAPI HTTP 403: {"message":"You are not subscribed to this API."}. Retrying in 15s…
2026-05-30T16:44:24-03:00: [2026-05-30T19:44:24.027Z] WARN  RapidAPI error (attempt 1/3): RapidAPI HTTP 403: {"message":"You are not subscribed to this API."}. Retrying in 5s…
2026-05-30T16:44:24-03:00: [2026-05-30T19:44:24.682Z] ebay_psa9=n/a price=$2230.40 on_chain=2230400000 deviation=+0.0% tx=2jifBiVRpLTi7nE2HvAJaygk9MbR2JSFreXwGh9ej13jcdLPd8qUYHJXctdaTt8SaVSeKaguZmtrEMYV793LEG7V
2026-05-30T16:44:29-03:00: [2026-05-30T19:44:29.478Z] WARN  RapidAPI error (attempt 2/3): RapidAPI HTTP 403: {"message":"You are not subscribed to this API."}. Retrying in 15s…
2026-05-30T16:44:45-03:00: [2026-05-30T19:44:45.200Z] WARN  RapidAPI error (attempt 3/3): RapidAPI HTTP 429: {"message":"Too many requests"}. Retrying in 45s…
2026-05-30T16:44:45-03:00: [2026-05-30T19:44:45.231Z] WARN  RapidAPI error (attempt 3/3): RapidAPI HTTP 403: {"message":"You are not subscribed to this API."}. Retrying in 45s…
2026-05-30T16:45:30-03:00: [2026-05-30T19:45:30.514Z] ERROR RapidAPI fetch failed after retries: RapidAPI HTTP 429: {"message":"Too many requests"}
2026-05-30T16:45:30-03:00: [2026-05-30T19:45:30.514Z] WARN  No valid price from API. Using last known good: $2230.40
2026-05-30T16:45:30-03:00: [2026-05-30T19:45:30.551Z] ERROR RapidAPI fetch failed after retries: RapidAPI HTTP 403: {"message":"You are not subscribed to this API."}
2026-05-30T16:45:30-03:00: [2026-05-30T19:45:30.551Z] WARN  No valid price from API. Using last known good: $2230.40
2026-05-30T16:45:31-03:00: [2026-05-30T19:45:31.109Z] ebay_psa9=n/a price=$2230.40 on_chain=2230400000 deviation=+0.0% tx=5fYL8YkooPJQizHFK88QBDEEVEPyVFZcCBjTnzAPkLkfFNsApPASqDK8YsFTYCTNKFWJnetHCF1eAFKWqZwhLsSc
2026-05-30T16:45:31-03:00: [2026-05-30T19:45:31.109Z] ebay_psa9=n/a price=$2230.40 on_chain=2230400000 deviation=+0.0% tx=5fYL8YkooPJQizHFK88QBDEEVEPyVFZcCBjTnzAPkLkfFNsApPASqDK8YsFTYCTNKFWJnetHCF1eAFKWqZwhLsSc
2026-05-30T16:50:36-03:00: [2026-05-30T19:50:36.540Z] WARN  RapidAPI error (attempt 1/3): RapidAPI HTTP 403: {"message":"You are not subscribed to this API."}. Retrying in 5s…
2026-05-30T16:50:41-03:00: [2026-05-30T19:50:41.799Z] WARN  RapidAPI error (attempt 2/3): RapidAPI HTTP 403: {"message":"You are not subscribed to this API."}. Retrying in 15s…
2026-05-30T16:52:41-03:00: [2026-05-30T19:52:41.061Z] WARN  RapidAPI error (attempt 3/3): RapidAPI HTTP 403: {"message":"You are not subscribed to this API."}. Retrying in 45s…
2026-05-30T17:16:16-03:00: [HEALTH] uptime=1105min updates=96 errors=13 last_price=$2230.40 last_update=2026-05-30T19:45:31.109Z
2026-05-30T17:16:17-03:00: [2026-05-30T20:16:17.633Z] WARN  RapidAPI error (attempt 1/3): RapidAPI HTTP 429: {"message":"Too many requests"}. Retrying in 5s…
2026-05-30T17:16:17-03:00: [2026-05-30T20:16:17.933Z] ERROR RapidAPI fetch failed after retries: RapidAPI HTTP 403: {"message":"You are not subscribed to this API."}
2026-05-30T17:16:17-03:00: [2026-05-30T20:16:17.933Z] WARN  No valid price from API. Using last known good: $2230.40
2026-05-30T17:16:21-03:00: [2026-05-30T20:16:21.623Z] ebay_psa9=n/a price=$2230.40 on_chain=2230400000 deviation=+0.0% tx=3yNe92vhxXYnvZEd7Hvkuj7Y25j5EyVcoMoHx7AsENBDVX3zzuX5zhmhPHthvLcAYgYA4rJc7ujsqvHHQexqyzAa
2026-05-30T17:16:23-03:00: [2026-05-30T20:16:23.611Z] WARN  RapidAPI error (attempt 2/3): RapidAPI HTTP 403: {"message":"You are not subscribed to this API."}. Retrying in 15s…
2026-05-30T17:16:39-03:00: [2026-05-30T20:16:39.242Z] WARN  RapidAPI error (attempt 3/3): RapidAPI HTTP 403: {"message":"You are not subscribed to this API."}. Retrying in 45s…
2026-05-30T17:17:24-03:00: [2026-05-30T20:17:24.499Z] ERROR RapidAPI fetch failed after retries: RapidAPI HTTP 403: {"message":"You are not subscribed to this API."}
2026-05-30T17:17:24-03:00: [2026-05-30T20:17:24.500Z] WARN  No valid price from API. Using last known good: $2230.40
2026-05-30T17:17:25-03:00: [2026-05-30T20:17:25.375Z] ebay_psa9=n/a price=$2230.40 on_chain=2230400000 deviation=+0.0% tx=3fwRzR92aFezRNWf6LzTAvnJz54UwWHsi92dDZdk8xZ93czz18pThewrt7wyYM3cU2wUgarLjdDBAQqDPsUZjftz
2026-05-30T17:21:16-03:00: [2026-05-30T20:21:16.855Z] WARN  RapidAPI error (attempt 1/3): RapidAPI HTTP 403: {"message":"You are not subscribed to this API."}. Retrying in 5s…
2026-05-30T17:21:22-03:00: [2026-05-30T20:21:22.286Z] WARN  RapidAPI error (attempt 2/3): RapidAPI HTTP 403: {"message":"You are not subscribed to this API."}. Retrying in 15s…
2026-05-30T17:21:37-03:00: [2026-05-30T20:21:37.643Z] WARN  RapidAPI error (attempt 3/3): RapidAPI HTTP 403: {"message":"You are not subscribed to this API."}. Retrying in 45s…
2026-05-30T17:22:22-03:00: [2026-05-30T20:22:22.925Z] ERROR RapidAPI fetch failed after retries: RapidAPI HTTP 403: {"message":"You are not subscribed to this API."}
2026-05-30T17:22:22-03:00: [2026-05-30T20:22:22.926Z] WARN  No valid price from API. Using last known good: $2230.40
2026-05-30T17:22:23-03:00: [2026-05-30T20:22:23.954Z] ebay_psa9=n/a price=$2230.40 on_chain=2230400000 deviation=+0.0% tx=62ZffmjmQn56ywHAdeP4kpAjah9We3z2Nkui2myUpS6k4oyEHyZ6pqfGkFy3xsxKkPyYs2CJ2Zq131dRDp6tUVpp
2026-05-30T17:26:16-03:00: [2026-05-30T20:26:16.835Z] WARN  RapidAPI error (attempt 1/3): RapidAPI HTTP 403: {"message":"You are not subscribed to this API."}. Retrying in 5s…
2026-05-30T17:26:22-03:00: [2026-05-30T20:26:22.165Z] WARN  RapidAPI error (attempt 2/3): RapidAPI HTTP 403: {"message":"You are not subscribed to this API."}. Retrying in 15s…
2026-05-30T17:26:37-03:00: [2026-05-30T20:26:37.649Z] WARN  RapidAPI error (attempt 3/3): RapidAPI HTTP 403: {"message":"You are not subscribed to this API."}. Retrying in 45s…
2026-05-30T17:27:22-03:00: [2026-05-30T20:27:22.996Z] ERROR RapidAPI fetch failed after retries: RapidAPI HTTP 403: {"message":"You are not subscribed to this API."}
2026-05-30T17:27:22-03:00: [2026-05-30T20:27:22.996Z] WARN  No valid price from API. Using last known good: $2230.40
2026-05-30T17:27:23-03:00: [2026-05-30T20:27:23.629Z] ebay_psa9=n/a price=$2230.40 on_chain=2230400000 deviation=+0.0% tx=RU9YhsXcYqJgY9PVyvBaZAB19bSC8vXdbUNYT8CRkG7C9bDmHUuXBWSf9acecQtf5Jjzp1DR58WykLhSTiDc8Py
2026-05-30T17:31:16-03:00: [2026-05-30T20:31:16.953Z] WARN  RapidAPI error (attempt 1/3): RapidAPI HTTP 403: {"message":"You are not subscribed to this API."}. Retrying in 5s…
2026-05-30T17:31:22-03:00: [2026-05-30T20:31:22.264Z] WARN  RapidAPI error (attempt 2/3): RapidAPI HTTP 403: {"message":"You are not subscribed to this API."}. Retrying in 15s…
2026-05-30T17:31:38-03:00: [2026-05-30T20:31:38.484Z] WARN  RapidAPI error (attempt 3/3): RapidAPI HTTP 403: {"message":"You are not subscribed to this API."}. Retrying in 45s…
2026-05-30T17:32:23-03:00: [2026-05-30T20:32:23.743Z] ERROR RapidAPI fetch failed after retries: RapidAPI HTTP 403: {"message":"You are not subscribed to this API."}
2026-05-30T17:32:23-03:00: [2026-05-30T20:32:23.743Z] WARN  No valid price from API. Using last known good: $2230.40
2026-05-30T17:32:24-03:00: [2026-05-30T20:32:24.665Z] ebay_psa9=n/a price=$2230.40 on_chain=2230400000 deviation=+0.0% tx=56vRKqXZuAq18urhtNR4AirrKVxHe37NBWyLxRpbGcUGaVNLFY4GTefpxgEXaAqKsQkvoEGdFcmEChPSUEyvDeub
2026-05-30T17:36:16-03:00: [2026-05-30T20:36:16.984Z] WARN  RapidAPI error (attempt 1/3): RapidAPI HTTP 403: {"message":"You are not subscribed to this API."}. Retrying in 5s…
2026-05-30T17:36:22-03:00: [2026-05-30T20:36:22.241Z] WARN  RapidAPI error (attempt 2/3): RapidAPI HTTP 403: {"message":"You are not subscribed to this API."}. Retrying in 15s…
2026-05-30T17:36:37-03:00: [2026-05-30T20:36:37.484Z] WARN  RapidAPI error (attempt 3/3): RapidAPI HTTP 403: {"message":"You are not subscribed to this API."}. Retrying in 45s…
2026-05-30T17:37:22-03:00: [2026-05-30T20:37:22.861Z] ERROR RapidAPI fetch failed after retries: RapidAPI HTTP 403: {"message":"You are not subscribed to this API."}
2026-05-30T17:37:22-03:00: [2026-05-30T20:37:22.861Z] WARN  No valid price from API. Using last known good: $2230.40
2026-05-30T17:37:23-03:00: [2026-05-30T20:37:23.415Z] ebay_psa9=n/a price=$2230.40 on_chain=2230400000 deviation=+0.0% tx=2PcdaprmrbqyxZujdKUpFXAmdobowWGaXE2RZie8sk6jzzvP93F7iwa1AKGAzxdxn8TW4AF8rqxsH3ytnomo4ajG
2026-05-30T17:41:16-03:00: [2026-05-30T20:41:16.962Z] WARN  RapidAPI error (attempt 1/3): RapidAPI HTTP 403: {"message":"You are not subscribed to this API."}. Retrying in 5s…
2026-05-30T17:41:22-03:00: [2026-05-30T20:41:22.393Z] WARN  RapidAPI error (attempt 2/3): RapidAPI HTTP 403: {"message":"You are not subscribed to this API."}. Retrying in 15s…
2026-05-30T17:41:38-03:00: [2026-05-30T20:41:38.445Z] WARN  RapidAPI error (attempt 3/3): RapidAPI HTTP 403: {"message":"You are not subscribed to this API."}. Retrying in 45s…
2026-05-30T17:42:23-03:00: [2026-05-30T20:42:23.836Z] ERROR RapidAPI fetch failed after retries: RapidAPI HTTP 403: {"message":"You are not subscribed to this API."}
2026-05-30T17:42:23-03:00: [2026-05-30T20:42:23.836Z] WARN  No valid price from API. Using last known good: $2230.40
2026-05-30T17:42:24-03:00: [2026-05-30T20:42:24.781Z] ebay_psa9=n/a price=$2230.40 on_chain=2230400000 deviation=+0.0% tx=2JYKNcVu1iqbRaAq9TugiLXqcqLtRTc81STpAmivMZ8bwCiP4bDTDAPdR7vPL281jHBQs4r5MYGGTSn5hTgmxTrE
2026-05-30T17:46:16-03:00: [2026-05-30T20:46:16.875Z] WARN  RapidAPI error (attempt 1/3): RapidAPI HTTP 403: {"message":"You are not subscribed to this API."}. Retrying in 5s…
2026-05-30T17:46:22-03:00: [2026-05-30T20:46:22.122Z] WARN  RapidAPI error (attempt 2/3): RapidAPI HTTP 403: {"message":"You are not subscribed to this API."}. Retrying in 15s…
2026-05-30T17:46:37-03:00: [2026-05-30T20:46:37.367Z] WARN  RapidAPI error (attempt 3/3): RapidAPI HTTP 403: {"message":"You are not subscribed to this API."}. Retrying in 45s…
2026-05-30T17:47:22-03:00: [2026-05-30T20:47:22.700Z] ERROR RapidAPI fetch failed after retries: RapidAPI HTTP 403: {"message":"You are not subscribed to this API."}
2026-05-30T17:47:22-03:00: [2026-05-30T20:47:22.701Z] WARN  No valid price from API. Using last known good: $2230.40
2026-05-30T17:47:23-03:00: [2026-05-30T20:47:23.691Z] ebay_psa9=n/a price=$2230.40 on_chain=2230400000 deviation=+0.0% tx=4gAcrJWDwZeDdhkZ3Y3aZKYeepMf5JAdhvXNNHnaJU35fVeQR8y6foresVE3yUefszk5JRgJr4Nfcd13rak9sdJg
2026-05-30T17:51:16-03:00: [2026-05-30T20:51:16.951Z] WARN  RapidAPI error (attempt 1/3): RapidAPI HTTP 403: {"message":"You are not subscribed to this API."}. Retrying in 5s…
2026-05-30T17:51:22-03:00: [2026-05-30T20:51:22.399Z] WARN  RapidAPI error (attempt 2/3): RapidAPI HTTP 403: {"message":"You are not subscribed to this API."}. Retrying in 15s…
2026-05-30T17:51:37-03:00: [2026-05-30T20:51:37.644Z] WARN  RapidAPI error (attempt 3/3): RapidAPI HTTP 403: {"message":"You are not subscribed to this API."}. Retrying in 45s…
2026-05-30T17:52:23-03:00: [2026-05-30T20:52:23.204Z] ERROR RapidAPI fetch failed after retries: RapidAPI HTTP 403: {"message":"You are not subscribed to this API."}
2026-05-30T17:52:23-03:00: [2026-05-30T20:52:23.205Z] WARN  No valid price from API. Using last known good: $2230.40
2026-05-30T17:52:24-03:00: [2026-05-30T20:52:24.060Z] ebay_psa9=n/a price=$2230.40 on_chain=2230400000 deviation=+0.0% tx=5GUtYBu4Hykvk4671EcNSCvRRPqN61kaQWZbp9YQtBz3D2iDvDawvPEHsDdJNRz9d13qE1BxSx7kwiCiGw4Kb4ZJ
2026-05-30T17:56:16-03:00: [2026-05-30T20:56:16.769Z] WARN  RapidAPI error (attempt 1/3): RapidAPI HTTP 403: {"message":"You are not subscribed to this API."}. Retrying in 5s…
2026-05-30T17:56:22-03:00: [2026-05-30T20:56:22.100Z] WARN  RapidAPI error (attempt 2/3): RapidAPI HTTP 403: {"message":"You are not subscribed to this API."}. Retrying in 15s…
2026-05-30T17:56:37-03:00: [2026-05-30T20:56:37.730Z] WARN  RapidAPI error (attempt 3/3): RapidAPI HTTP 403: {"message":"You are not subscribed to this API."}. Retrying in 45s…
2026-05-30T17:57:23-03:00: [2026-05-30T20:57:23.069Z] ERROR RapidAPI fetch failed after retries: RapidAPI HTTP 403: {"message":"You are not subscribed to this API."}
2026-05-30T17:57:23-03:00: [2026-05-30T20:57:23.069Z] WARN  No valid price from API. Using last known good: $2230.40
2026-05-30T17:57:23-03:00: [2026-05-30T20:57:23.695Z] ebay_psa9=n/a price=$2230.40 on_chain=2230400000 deviation=+0.0% tx=2CbYGYrwxmEXSz2SscWL45nLruj2pKLLD9NBYKJLdyDVr9f2ZACcCeqwaR4b45q5dKyxAr4SqhS8Q9EDLaXi743n
2026-05-30T18:01:16-03:00: [2026-05-30T21:01:16.855Z] WARN  RapidAPI error (attempt 1/3): RapidAPI HTTP 403: {"message":"You are not subscribed to this API."}. Retrying in 5s…
2026-05-30T18:01:22-03:00: [2026-05-30T21:01:22.213Z] WARN  RapidAPI error (attempt 2/3): RapidAPI HTTP 403: {"message":"You are not subscribed to this API."}. Retrying in 15s…
2026-05-30T18:01:37-03:00: [2026-05-30T21:01:37.530Z] WARN  RapidAPI error (attempt 3/3): RapidAPI HTTP 403: {"message":"You are not subscribed to this API."}. Retrying in 45s…
2026-05-30T18:02:22-03:00: [2026-05-30T21:02:22.823Z] ERROR RapidAPI fetch failed after retries: RapidAPI HTTP 403: {"message":"You are not subscribed to this API."}
2026-05-30T18:02:22-03:00: [2026-05-30T21:02:22.823Z] WARN  No valid price from API. Using last known good: $2230.40
2026-05-30T18:02:23-03:00: [2026-05-30T21:02:23.470Z] ebay_psa9=n/a price=$2230.40 on_chain=2230400000 deviation=+0.0% tx=3rP58VgdP3Y7E2ckUgirGtWaC6ZuY3WaEk1cgwgtpb7JjrcWd4rKY7DQSzDMJzSFDwFJsAKHJfFDW8JszVyRuA8H
2026-05-30T18:06:16-03:00: [2026-05-30T21:06:16.906Z] WARN  RapidAPI error (attempt 1/3): RapidAPI HTTP 403: {"message":"You are not subscribed to this API."}. Retrying in 5s…
2026-05-30T18:06:22-03:00: [2026-05-30T21:06:22.197Z] WARN  RapidAPI error (attempt 2/3): RapidAPI HTTP 403: {"message":"You are not subscribed to this API."}. Retrying in 15s…
2026-05-30T18:06:37-03:00: [2026-05-30T21:06:37.622Z] WARN  RapidAPI error (attempt 3/3): RapidAPI HTTP 403: {"message":"You are not subscribed to this API."}. Retrying in 45s…
2026-05-30T18:07:23-03:00: [2026-05-30T21:07:23.039Z] ERROR RapidAPI fetch failed after retries: RapidAPI HTTP 403: {"message":"You are not subscribed to this API."}
2026-05-30T18:07:23-03:00: [2026-05-30T21:07:23.039Z] WARN  No valid price from API. Using last known good: $2230.40
2026-05-30T18:07:24-03:00: [2026-05-30T21:07:24.079Z] ebay_psa9=n/a price=$2230.40 on_chain=2230400000 deviation=+0.0% tx=5FgQETVhyxiqNTqRDNxxi3LkjRFM4ytWAGBQDF79zvjczKvd8VRZ5jVB4s4Nh358y8EA4XpQ9Gb3LGXAp84gWGXD
2026-05-30T18:11:16-03:00: [2026-05-30T21:11:16.810Z] WARN  RapidAPI error (attempt 1/3): RapidAPI HTTP 403: {"message":"You are not subscribed to this API."}. Retrying in 5s…
2026-05-30T18:11:22-03:00: [2026-05-30T21:11:22.132Z] WARN  RapidAPI error (attempt 2/3): RapidAPI HTTP 403: {"message":"You are not subscribed to this API."}. Retrying in 15s…
2026-05-30T18:11:37-03:00: [2026-05-30T21:11:37.390Z] WARN  RapidAPI error (attempt 3/3): RapidAPI HTTP 403: {"message":"You are not subscribed to this API."}. Retrying in 45s…
2026-05-30T18:12:22-03:00: [2026-05-30T21:12:22.899Z] ERROR RapidAPI fetch failed after retries: RapidAPI HTTP 403: {"message":"You are not subscribed to this API."}
2026-05-30T18:12:22-03:00: [2026-05-30T21:12:22.901Z] WARN  No valid price from API. Using last known good: $2230.40
2026-05-30T18:12:24-03:00: [2026-05-30T21:12:24.045Z] ebay_psa9=n/a price=$2230.40 on_chain=2230400000 deviation=+0.0% tx=3h8oT3JmduQ271C6uBkBqmy7qT4gMqmjg4RzWzdCxA5d2nBT3CSLjU7sQGmqT8B8LxAyC8Mo4SpHGpCjiLckKjea
2026-05-30T18:16:16-03:00: [HEALTH] uptime=1165min updates=109 errors=26 last_price=$2230.40 last_update=2026-05-30T21:12:24.045Z
2026-05-30T18:16:16-03:00: [2026-05-30T21:16:16.747Z] WARN  RapidAPI error (attempt 1/3): RapidAPI HTTP 403: {"message":"You are not subscribed to this API."}. Retrying in 5s…
2026-05-30T18:16:22-03:00: [2026-05-30T21:16:22.011Z] WARN  RapidAPI error (attempt 2/3): RapidAPI HTTP 403: {"message":"You are not subscribed to this API."}. Retrying in 15s…
2026-05-30T18:16:37-03:00: [2026-05-30T21:16:37.521Z] WARN  RapidAPI error (attempt 3/3): RapidAPI HTTP 403: {"message":"You are not subscribed to this API."}. Retrying in 45s…
2026-05-30T18:17:23-03:00: [2026-05-30T21:17:23.196Z] ERROR RapidAPI fetch failed after retries: RapidAPI HTTP 403: {"message":"You are not subscribed to this API."}
2026-05-30T18:17:23-03:00: [2026-05-30T21:17:23.196Z] WARN  No valid price from API. Using last known good: $2230.40
2026-05-30T18:17:24-03:00: [2026-05-30T21:17:24.130Z] ebay_psa9=n/a price=$2230.40 on_chain=2230400000 deviation=+0.0% tx=4nyvb2jBKWKybU5rgnEb7C2QWhb9Q84x6nHWAPby1UNd7mB5kSni3TnTSUYWyQdhF1hgqxHhyGGEZZsZByUECVCj
2026-05-30T18:21:16-03:00: [2026-05-30T21:21:16.733Z] WARN  RapidAPI error (attempt 1/3): RapidAPI HTTP 403: {"message":"You are not subscribed to this API."}. Retrying in 5s…
2026-05-30T18:21:23-03:00: [2026-05-30T21:21:23.360Z] WARN  RapidAPI error (attempt 2/3): RapidAPI HTTP 403: {"message":"You are not subscribed to this API."}. Retrying in 15s…
2026-05-30T18:21:38-03:00: [2026-05-30T21:21:38.631Z] WARN  RapidAPI error (attempt 3/3): RapidAPI HTTP 403: {"message":"You are not subscribed to this API."}. Retrying in 45s…
2026-05-30T18:22:23-03:00: [2026-05-30T21:22:23.970Z] ERROR RapidAPI fetch failed after retries: RapidAPI HTTP 403: {"message":"You are not subscribed to this API."}
2026-05-30T18:22:23-03:00: [2026-05-30T21:22:23.971Z] WARN  No valid price from API. Using last known good: $2230.40
2026-05-30T18:22:24-03:00: [2026-05-30T21:22:24.797Z] ebay_psa9=n/a price=$2230.40 on_chain=2230400000 deviation=+0.0% tx=3y226PuSuExcerdDKhKAb4TMZFcko1TdDFMR59LinXo7ERC5Fb9mRXd9LjZtMcC2qNMYxjV5Y6CGMJ2nje7ehc7x
2026-05-30T18:26:16-03:00: [2026-05-30T21:26:16.765Z] WARN  RapidAPI error (attempt 1/3): RapidAPI HTTP 403: {"message":"You are not subscribed to this API."}. Retrying in 5s…
2026-05-30T18:26:22-03:00: [2026-05-30T21:26:22.728Z] WARN  RapidAPI error (attempt 2/3): RapidAPI HTTP 403: {"message":"You are not subscribed to this API."}. Retrying in 15s…
2026-05-30T18:26:37-03:00: [2026-05-30T21:26:37.975Z] WARN  RapidAPI error (attempt 3/3): RapidAPI HTTP 403: {"message":"You are not subscribed to this API."}. Retrying in 45s…
2026-05-30T18:27:23-03:00: [2026-05-30T21:27:23.238Z] ERROR RapidAPI fetch failed after retries: RapidAPI HTTP 403: {"message":"You are not subscribed to this API."}
2026-05-30T18:27:23-03:00: [2026-05-30T21:27:23.238Z] WARN  No valid price from API. Using last known good: $2230.40
2026-05-30T18:27:24-03:00: [2026-05-30T21:27:24.298Z] ebay_psa9=n/a price=$2230.40 on_chain=2230400000 deviation=+0.0% tx=27QQa9TATRXAFPBH9CFrnjfynugaPLzHYC7aa5JJrNZuVwf5cntSUC1Gi8xnH5XUohFk1eio82JNfVS4YtRhPhd9
2026-05-30T18:31:16-03:00: [2026-05-30T21:31:16.767Z] WARN  RapidAPI error (attempt 1/3): RapidAPI HTTP 403: {"message":"You are not subscribed to this API."}. Retrying in 5s…
2026-05-30T18:31:22-03:00: [2026-05-30T21:31:22.483Z] WARN  RapidAPI error (attempt 2/3): RapidAPI HTTP 403: {"message":"You are not subscribed to this API."}. Retrying in 15s…
2026-05-30T18:31:37-03:00: [2026-05-30T21:31:37.847Z] WARN  RapidAPI error (attempt 3/3): RapidAPI HTTP 403: {"message":"You are not subscribed to this API."}. Retrying in 45s…
2026-05-30T18:32:23-03:00: [2026-05-30T21:32:23.147Z] ERROR RapidAPI fetch failed after retries: RapidAPI HTTP 403: {"message":"You are not subscribed to this API."}
2026-05-30T18:32:23-03:00: [2026-05-30T21:32:23.147Z] WARN  No valid price from API. Using last known good: $2230.40
2026-05-30T18:32:23-03:00: [2026-05-30T21:32:23.840Z] ebay_psa9=n/a price=$2230.40 on_chain=2230400000 deviation=+0.0% tx=2PSXuSWMFQsfXszSmZu3wn4FkeoHKBZefrdyGb9pnPM4xHxczACtF8eBfVXwDY8AsdwVeHXZb6LbTPiVuyazoLgX
2026-05-30T18:50:04-03:00: [2026-05-30T21:50:04.417Z] WARN  RapidAPI error (attempt 1/3): RapidAPI HTTP 403: {"message":"You are not subscribed to this API."}. Retrying in 5s…
2026-05-30T18:50:09-03:00: [2026-05-30T21:50:09.756Z] WARN  RapidAPI error (attempt 2/3): RapidAPI HTTP 403: {"message":"You are not subscribed to this API."}. Retrying in 15s…
2026-05-30T18:50:25-03:00: [2026-05-30T21:50:25.345Z] WARN  RapidAPI error (attempt 3/3): RapidAPI HTTP 403: {"message":"You are not subscribed to this API."}. Retrying in 45s…
2026-05-30T19:03:41-03:00: [2026-05-30T22:03:41.534Z] ERROR RapidAPI fetch failed after retries: RapidAPI HTTP 429: {"message":"Too many requests"}
2026-05-30T19:03:41-03:00: [2026-05-30T22:03:41.534Z] WARN  No valid price from API. Using last known good: $2230.40
2026-05-30T19:03:41-03:00: [2026-05-30T22:03:41.596Z] WARN  RapidAPI error (attempt 1/3): RapidAPI HTTP 403: {"message":"You are not subscribed to this API."}. Retrying in 5s…
2026-05-30T19:03:42-03:00: [2026-05-30T22:03:42.329Z] ebay_psa9=n/a price=$2230.40 on_chain=2230400000 deviation=+0.0% tx=3zRzpA2Y9L3ub8NqHs1cBSLN4ZyZmZdggJipU2rTQ3NMmoVWh3GoqAXQ6nikPeG2vkyegMk1CCZgkPQBfjzLQzTv
2026-05-30T19:03:46-03:00: [2026-05-30T22:03:46.848Z] WARN  RapidAPI error (attempt 2/3): RapidAPI HTTP 403: {"message":"You are not subscribed to this API."}. Retrying in 15s…
2026-05-30T19:04:42-03:00: [2026-05-30T22:04:42.639Z] WARN  RapidAPI error (attempt 3/3): RapidAPI HTTP 403: {"message":"You are not subscribed to this API."}. Retrying in 45s…
2026-05-30T19:05:28-03:00: [2026-05-30T22:05:28.028Z] ERROR RapidAPI fetch failed after retries: RapidAPI HTTP 403: {"message":"You are not subscribed to this API."}
2026-05-30T19:05:28-03:00: [2026-05-30T22:05:28.029Z] WARN  No valid price from API. Using last known good: $2230.40
2026-05-30T19:05:28-03:00: [2026-05-30T22:05:28.833Z] ebay_psa9=n/a price=$2230.40 on_chain=2230400000 deviation=+0.0% tx=8RXxZmre9jrz6kqzhr2TJavLosUtRgE7bYtqPUoTMEvxAJQwBQ7CiPFyVowmmWgbQ9wZvVgHNcnaJXk1hHqy6xc
2026-05-30T19:09:38-03:00: [2026-05-30T22:09:38.498Z] WARN  RapidAPI error (attempt 1/3): RapidAPI HTTP 403: {"message":"You are not subscribed to this API."}. Retrying in 5s…
2026-05-30T19:09:43-03:00: [2026-05-30T22:09:43.748Z] WARN  RapidAPI error (attempt 2/3): RapidAPI HTTP 403: {"message":"You are not subscribed to this API."}. Retrying in 15s…
2026-05-30T19:09:59-03:00: [2026-05-30T22:09:59.077Z] WARN  RapidAPI error (attempt 3/3): RapidAPI HTTP 403: {"message":"You are not subscribed to this API."}. Retrying in 45s…
2026-05-30T19:15:56-03:00: [2026-05-30T22:15:56.070Z] WARN  RapidAPI error (attempt 1/3): RapidAPI HTTP 429: {"message":"Too many requests"}. Retrying in 5s…
2026-05-30T19:15:56-03:00: [2026-05-30T22:15:56.093Z] ERROR RapidAPI fetch failed after retries: RapidAPI HTTP 403: {"message":"You are not subscribed to this API."}
2026-05-30T19:15:56-03:00: [2026-05-30T22:15:56.093Z] WARN  No valid price from API. Using last known good: $2230.40
2026-05-30T19:15:57-03:00: [2026-05-30T22:15:57.091Z] ebay_psa9=n/a price=$2230.40 on_chain=2230400000 deviation=+0.0% tx=3MiU46JE6QgUvZNMyneyLgxFchzC4xEk3gTmVLPirGnTgHQNH9ipnU1jVeaAP5tE7YGshSu4Rb48QXbFUVsH2HuH
2026-05-30T19:16:01-03:00: [2026-05-30T22:16:01.790Z] WARN  RapidAPI error (attempt 2/3): RapidAPI HTTP 403: {"message":"You are not subscribed to this API."}. Retrying in 15s…
2026-05-30T19:16:16-03:00: [HEALTH] uptime=1224min updates=116 errors=33 last_price=$2230.40 last_update=2026-05-30T22:15:57.091Z
2026-05-30T19:16:17-03:00: [2026-05-30T22:16:17.287Z] WARN  RapidAPI error (attempt 3/3): RapidAPI HTTP 403: {"message":"You are not subscribed to this API."}. Retrying in 45s…
2026-05-30T19:17:02-03:00: [2026-05-30T22:17:02.678Z] ERROR RapidAPI fetch failed after retries: RapidAPI HTTP 403: {"message":"You are not subscribed to this API."}
2026-05-30T19:17:02-03:00: [2026-05-30T22:17:02.678Z] WARN  No valid price from API. Using last known good: $2230.40
2026-05-30T19:17:03-03:00: [2026-05-30T22:17:03.515Z] ebay_psa9=n/a price=$2230.40 on_chain=2230400000 deviation=+0.0% tx=8vPqdEhjVUJR5K7fwQF2xUGCTArr5tVd82zBbYM9rbQjaxtnaTRaSJDUwwgWu1yF68fUfhXsJacAvTFLN4weGmd
2026-05-30T19:20:55-03:00: [2026-05-30T22:20:55.576Z] WARN  RapidAPI error (attempt 1/3): RapidAPI HTTP 403: {"message":"You are not subscribed to this API."}. Retrying in 5s…
2026-05-30T19:21:00-03:00: [2026-05-30T22:21:00.888Z] WARN  RapidAPI error (attempt 2/3): RapidAPI HTTP 403: {"message":"You are not subscribed to this API."}. Retrying in 15s…
2026-05-30T19:21:16-03:00: [2026-05-30T22:21:16.129Z] WARN  RapidAPI error (attempt 3/3): RapidAPI HTTP 403: {"message":"You are not subscribed to this API."}. Retrying in 45s…
2026-05-30T19:22:01-03:00: [2026-05-30T22:22:01.441Z] ERROR RapidAPI fetch failed after retries: RapidAPI HTTP 403: {"message":"You are not subscribed to this API."}
2026-05-30T19:22:01-03:00: [2026-05-30T22:22:01.442Z] WARN  No valid price from API. Using last known good: $2230.40
2026-05-30T19:22:02-03:00: [2026-05-30T22:22:02.100Z] ebay_psa9=n/a price=$2230.40 on_chain=2230400000 deviation=+0.0% tx=23WfWMcYuVFVu4sAPXrZZqHhjsGkVmirTBbEuXwbFw76X57HG4xAjdzPF4XasERX6CZaeoMZDpsGEDXk74VzsGUg
2026-05-30T19:25:55-03:00: [2026-05-30T22:25:55.594Z] WARN  RapidAPI error (attempt 1/3): RapidAPI HTTP 403: {"message":"You are not subscribed to this API."}. Retrying in 5s…
2026-05-30T19:26:00-03:00: [2026-05-30T22:26:00.870Z] WARN  RapidAPI error (attempt 2/3): RapidAPI HTTP 403: {"message":"You are not subscribed to this API."}. Retrying in 15s…
2026-05-30T19:26:16-03:00: [2026-05-30T22:26:16.125Z] WARN  RapidAPI error (attempt 3/3): RapidAPI HTTP 403: {"message":"You are not subscribed to this API."}. Retrying in 45s…
2026-05-30T19:27:01-03:00: [2026-05-30T22:27:01.443Z] ERROR RapidAPI fetch failed after retries: RapidAPI HTTP 403: {"message":"You are not subscribed to this API."}
2026-05-30T19:27:01-03:00: [2026-05-30T22:27:01.443Z] WARN  No valid price from API. Using last known good: $2230.40
2026-05-30T19:27:02-03:00: [2026-05-30T22:27:02.539Z] ebay_psa9=n/a price=$2230.40 on_chain=2230400000 deviation=+0.0% tx=KGXcLV6ngaMQ845b3CF43WzK8KN6Vtwd517RgndzedAAMUDm2GhEM5fcUzM3Z4ZiRqPRJ4CtMNwvQggC8qAfpHC
2026-05-30T19:30:55-03:00: [2026-05-30T22:30:55.528Z] WARN  RapidAPI error (attempt 1/3): RapidAPI HTTP 403: {"message":"You are not subscribed to this API."}. Retrying in 5s…
2026-05-30T19:31:00-03:00: [2026-05-30T22:31:00.781Z] WARN  RapidAPI error (attempt 2/3): RapidAPI HTTP 403: {"message":"You are not subscribed to this API."}. Retrying in 15s…
2026-05-30T19:31:16-03:00: [2026-05-30T22:31:16.147Z] WARN  RapidAPI error (attempt 3/3): RapidAPI HTTP 403: {"message":"You are not subscribed to this API."}. Retrying in 45s…
2026-05-30T19:32:01-03:00: [2026-05-30T22:32:01.547Z] ERROR RapidAPI fetch failed after retries: RapidAPI HTTP 403: {"message":"You are not subscribed to this API."}
2026-05-30T19:32:01-03:00: [2026-05-30T22:32:01.547Z] WARN  No valid price from API. Using last known good: $2230.40
2026-05-30T19:32:02-03:00: [2026-05-30T22:32:02.380Z] ebay_psa9=n/a price=$2230.40 on_chain=2230400000 deviation=+0.0% tx=3FZwJBFuwsuesRgkgpjAXTti3w64NuL5nf5DDeh8VpPVBop9aPTqZfof1fAnxnCcHfjFxKfn5zyFDgWRjXqFmgUf
2026-05-30T19:35:55-03:00: [2026-05-30T22:35:55.476Z] WARN  RapidAPI error (attempt 1/3): RapidAPI HTTP 403: {"message":"You are not subscribed to this API."}. Retrying in 5s…
2026-05-30T19:36:00-03:00: [2026-05-30T22:36:00.724Z] WARN  RapidAPI error (attempt 2/3): RapidAPI HTTP 403: {"message":"You are not subscribed to this API."}. Retrying in 15s…
2026-05-30T19:36:16-03:00: [2026-05-30T22:36:16.045Z] WARN  RapidAPI error (attempt 3/3): RapidAPI HTTP 403: {"message":"You are not subscribed to this API."}. Retrying in 45s…
2026-05-30T19:37:01-03:00: [2026-05-30T22:37:01.386Z] ERROR RapidAPI fetch failed after retries: RapidAPI HTTP 403: {"message":"You are not subscribed to this API."}
2026-05-30T19:37:01-03:00: [2026-05-30T22:37:01.386Z] WARN  No valid price from API. Using last known good: $2230.40
2026-05-30T19:37:02-03:00: [2026-05-30T22:37:02.182Z] ebay_psa9=n/a price=$2230.40 on_chain=2230400000 deviation=+0.0% tx=4EuthdSDCThLQsVcXkXnRNBYRnmY84KZwiYW2NRexbfShzTJHKmXqHfRCtEPz1rE7xpGKteQ5Lhf9j66oeCpk4NM
2026-05-30T19:40:55-03:00: [2026-05-30T22:40:55.495Z] WARN  RapidAPI error (attempt 1/3): RapidAPI HTTP 403: {"message":"You are not subscribed to this API."}. Retrying in 5s…
2026-05-30T19:41:00-03:00: [2026-05-30T22:41:00.883Z] WARN  RapidAPI error (attempt 2/3): RapidAPI HTTP 403: {"message":"You are not subscribed to this API."}. Retrying in 15s…
2026-05-30T19:41:16-03:00: [2026-05-30T22:41:16.188Z] WARN  RapidAPI error (attempt 3/3): RapidAPI HTTP 403: {"message":"You are not subscribed to this API."}. Retrying in 45s…
2026-05-30T19:42:01-03:00: [2026-05-30T22:42:01.555Z] ERROR RapidAPI fetch failed after retries: RapidAPI HTTP 403: {"message":"You are not subscribed to this API."}
2026-05-30T19:42:01-03:00: [2026-05-30T22:42:01.555Z] WARN  No valid price from API. Using last known good: $2230.40
2026-05-30T19:42:02-03:00: [2026-05-30T22:42:02.333Z] ebay_psa9=n/a price=$2230.40 on_chain=2230400000 deviation=+0.0% tx=2jgC71RzT3HhmJ22qhvpWAJd5Wn72U44dVh9bsnfRJnbxm3R8LVyHryh92UBZLV95KHzocQTwQfLSpARW3VHTqCy
2026-05-30T19:46:24-03:00: [2026-05-30T22:46:24.178Z] WARN  RapidAPI error (attempt 1/3): fetch failed. Retrying in 5s…
2026-05-30T19:46:29-03:00: [2026-05-30T22:46:29.863Z] WARN  RapidAPI error (attempt 2/3): RapidAPI HTTP 403: {"message":"You are not subscribed to this API."}. Retrying in 15s…
2026-05-30T19:46:48-03:00: [2026-05-30T22:46:48.680Z] WARN  RapidAPI error (attempt 3/3): fetch failed. Retrying in 45s…
2026-05-30T20:03:00-03:00: [2026-05-30T23:03:00.555Z] WARN  RapidAPI error (attempt 1/3): fetch failed. Retrying in 5s…
2026-05-30T20:03:00-03:00: [2026-05-30T23:03:00.555Z] ERROR RapidAPI fetch failed after retries: fetch failed
2026-05-30T20:03:00-03:00: [2026-05-30T23:03:00.556Z] WARN  No valid price from API. Using last known good: $2230.40
2026-05-30T20:03:00-03:00: [2026-05-30T23:03:00.654Z] ERROR Solana RPC error (attempt 1/3): failed to get recent blockhash: TypeError: fetch failed. Retrying in 5s…
2026-05-30T20:03:05-03:00: [2026-05-30T23:03:05.562Z] WARN  RapidAPI error (attempt 2/3): fetch failed. Retrying in 15s…
2026-05-30T20:03:05-03:00: [2026-05-30T23:03:05.663Z] ERROR Solana RPC error (attempt 2/3): failed to get recent blockhash: TypeError: fetch failed. Retrying in 15s…
2026-05-30T20:03:20-03:00: [2026-05-30T23:03:20.570Z] WARN  RapidAPI error (attempt 3/3): fetch failed. Retrying in 45s…
2026-05-30T20:03:20-03:00: [2026-05-30T23:03:20.671Z] ERROR Solana RPC error (attempt 3/3): failed to get recent blockhash: TypeError: fetch failed. Retrying in 45s…
2026-05-30T20:13:39-03:00: [2026-05-30T23:13:39.127Z] ERROR Solana TX failed after retries: failed to get recent blockhash: TypeError: fetch failed. Skipping cycle.
2026-05-30T20:13:39-03:00: [2026-05-30T23:13:39.127Z] ERROR RapidAPI fetch failed after retries: fetch failed
2026-05-30T20:13:39-03:00: [2026-05-30T23:13:39.127Z] WARN  No valid price from API. Using last known good: $2230.40
2026-05-30T20:13:39-03:00: [2026-05-30T23:13:39.130Z] WARN  RapidAPI error (attempt 1/3): fetch failed. Retrying in 5s…
2026-05-30T20:13:39-03:00: [2026-05-30T23:13:39.130Z] ERROR Solana RPC error (attempt 1/3): failed to get recent blockhash: TypeError: fetch failed. Retrying in 5s…
2026-05-30T20:13:44-03:00: [2026-05-30T23:13:44.139Z] ERROR Solana RPC error (attempt 2/3): failed to get recent blockhash: TypeError: fetch failed. Retrying in 15s…
2026-05-30T20:13:44-03:00: [2026-05-30T23:13:44.140Z] WARN  RapidAPI error (attempt 2/3): fetch failed. Retrying in 15s…
2026-05-30T20:30:37-03:00: [HEALTH] uptime=1299min updates=122 errors=42 last_price=$2230.40 last_update=2026-05-30T22:42:02.333Z
2026-05-30T20:30:38-03:00: [2026-05-30T23:30:38.141Z] WARN  RapidAPI error (attempt 3/3): RapidAPI HTTP 429: {"message":"Too many requests"}. Retrying in 45s…
2026-05-30T20:30:38-03:00: [2026-05-30T23:30:38.238Z] WARN  RapidAPI error (attempt 1/3): RapidAPI HTTP 403: {"message":"You are not subscribed to this API."}. Retrying in 5s…
2026-05-30T20:30:38-03:00: [2026-05-30T23:30:38.724Z] ebay_psa9=n/a price=$2230.40 on_chain=2230400000 deviation=+0.0% tx=r1mjHVezHSh1skZby8cvHJMfqDbDmobC9NEx4n6q4pXxecN7wEQvaSWcNqE6YSdsBx2srcFKwD16pQTLisnX8Rb
2026-05-30T20:45:44-03:00: [2026-05-30T23:45:44.391Z] WARN  RapidAPI error (attempt 2/3): RapidAPI HTTP 429: {"message":"Too many requests"}. Retrying in 15s…
2026-05-30T20:45:44-03:00: [2026-05-30T23:45:44.429Z] WARN  RapidAPI error (attempt 1/3): RapidAPI HTTP 429: {"message":"Too many requests"}. Retrying in 5s…
2026-05-30T20:45:44-03:00: [2026-05-30T23:45:44.486Z] ERROR RapidAPI fetch failed after retries: RapidAPI HTTP 403: {"message":"You are not subscribed to this API."}
2026-05-30T20:45:44-03:00: [2026-05-30T23:45:44.486Z] WARN  No valid price from API. Using last known good: $2230.40
2026-05-30T20:45:44-03:00: [2026-05-30T23:45:44.967Z] ebay_psa9=n/a price=$2230.40 on_chain=2230400000 deviation=+0.0% tx=pZtm7u4mdjQWFwSXQzSB92isvsgcy19tzDHrYkRstaV8Cz7UyrTWFZv31qRDMR1a5iFG88Tvo9kuXoSR859cVT2
2026-05-30T20:45:49-03:00: [2026-05-30T23:45:49.631Z] WARN  RapidAPI error (attempt 2/3): RapidAPI HTTP 403: {"message":"You are not subscribed to this API."}. Retrying in 15s…
2026-05-30T20:54:46-03:00: [2026-05-30T23:54:46.481Z] WARN  RapidAPI error (attempt 1/3): RapidAPI HTTP 429: {"message":"Too many requests"}. Retrying in 5s…
2026-05-30T20:54:46-03:00: [2026-05-30T23:54:46.608Z] WARN  RapidAPI error (attempt 3/3): RapidAPI HTTP 403: {"message":"You are not subscribed to this API."}. Retrying in 45s…
2026-05-30T20:54:46-03:00: [2026-05-30T23:54:46.610Z] WARN  RapidAPI error (attempt 3/3): RapidAPI HTTP 403: {"message":"You are not subscribed to this API."}. Retrying in 45s…
2026-05-30T20:54:51-03:00: [2026-05-30T23:54:51.840Z] WARN  RapidAPI error (attempt 2/3): RapidAPI HTTP 403: {"message":"You are not subscribed to this API."}. Retrying in 15s…
2026-05-30T20:55:07-03:00: [2026-05-30T23:55:07.123Z] WARN  RapidAPI error (attempt 3/3): RapidAPI HTTP 403: {"message":"You are not subscribed to this API."}. Retrying in 45s…
2026-05-30T20:55:31-03:00: [2026-05-30T23:55:31.869Z] ERROR RapidAPI fetch failed after retries: RapidAPI HTTP 429: {"message":"Too many requests"}
2026-05-30T20:55:31-03:00: [2026-05-30T23:55:31.871Z] WARN  No valid price from API. Using last known good: $2230.40
2026-05-30T20:55:31-03:00: [2026-05-30T23:55:31.882Z] ERROR RapidAPI fetch failed after retries: RapidAPI HTTP 403: {"message":"You are not subscribed to this API."}
2026-05-30T20:55:31-03:00: [2026-05-30T23:55:31.882Z] WARN  No valid price from API. Using last known good: $2230.40
2026-05-30T20:55:32-03:00: [2026-05-30T23:55:32.737Z] ebay_psa9=n/a price=$2230.40 on_chain=2230400000 deviation=+0.0% tx=34usgCx8McR6uQebwPYMgRrnWfBbLe7faUnK7Znm4UEdF9APbwBVWwoEFa2cn5igRURhfzQQUfHm4rhquEUPCXev
2026-05-30T20:55:32-03:00: [2026-05-30T23:55:32.737Z] ebay_psa9=n/a price=$2230.40 on_chain=2230400000 deviation=+0.0% tx=34usgCx8McR6uQebwPYMgRrnWfBbLe7faUnK7Znm4UEdF9APbwBVWwoEFa2cn5igRURhfzQQUfHm4rhquEUPCXev
2026-05-30T20:55:52-03:00: [2026-05-30T23:55:52.506Z] ERROR RapidAPI fetch failed after retries: RapidAPI HTTP 403: {"message":"You are not subscribed to this API."}
2026-05-30T20:55:52-03:00: [2026-05-30T23:55:52.507Z] WARN  No valid price from API. Using last known good: $2230.40
2026-05-30T20:55:53-03:00: [2026-05-30T23:55:53.362Z] ebay_psa9=n/a price=$2230.40 on_chain=2230400000 deviation=+0.0% tx=3N4Sh55WH7gJ2pAhdx6Ly8uYXpzEgEemDF97PkNGysJEwukdditrYLqDnhzgWuDFYdxvu5KXxFqbUhyozYU3Kk5B
2026-05-30T20:59:46-03:00: [2026-05-30T23:59:46.053Z] WARN  RapidAPI error (attempt 1/3): RapidAPI HTTP 403: {"message":"You are not subscribed to this API."}. Retrying in 5s…
2026-05-30T20:59:51-03:00: [2026-05-30T23:59:51.391Z] WARN  RapidAPI error (attempt 2/3): RapidAPI HTTP 403: {"message":"You are not subscribed to this API."}. Retrying in 15s…
2026-05-30T21:00:07-03:00: [2026-05-31T00:00:07.029Z] WARN  RapidAPI error (attempt 3/3): RapidAPI HTTP 403: {"message":"You are not subscribed to this API."}. Retrying in 45s…
2026-05-30T21:00:52-03:00: [2026-05-31T00:00:52.356Z] ERROR RapidAPI fetch failed after retries: RapidAPI HTTP 403: {"message":"You are not subscribed to this API."}
2026-05-30T21:00:52-03:00: [2026-05-31T00:00:52.356Z] WARN  No valid price from API. Using last known good: $2230.40
2026-05-30T21:00:53-03:00: [2026-05-31T00:00:53.159Z] ebay_psa9=n/a price=$2230.40 on_chain=2230400000 deviation=+0.0% tx=3XMXwcCd2yBD4NM7XQtvNJuSx2a5eyra1g9kQvotpoxz9vx6JfdKNabAmLWXp63B4gyUghroQi82qEhZj9htwZkf
2026-05-30T21:04:45-03:00: [2026-05-31T00:04:45.928Z] WARN  RapidAPI error (attempt 1/3): RapidAPI HTTP 403: {"message":"You are not subscribed to this API."}. Retrying in 5s…
2026-05-30T21:04:51-03:00: [2026-05-31T00:04:51.286Z] WARN  RapidAPI error (attempt 2/3): RapidAPI HTTP 403: {"message":"You are not subscribed to this API."}. Retrying in 15s…
2026-05-30T21:05:06-03:00: [2026-05-31T00:05:06.619Z] WARN  RapidAPI error (attempt 3/3): RapidAPI HTTP 403: {"message":"You are not subscribed to this API."}. Retrying in 45s…
2026-05-30T21:05:51-03:00: [2026-05-31T00:05:51.846Z] ERROR RapidAPI fetch failed after retries: RapidAPI HTTP 403: {"message":"You are not subscribed to this API."}
2026-05-30T21:05:51-03:00: [2026-05-31T00:05:51.846Z] WARN  No valid price from API. Using last known good: $2230.40
2026-05-30T21:05:52-03:00: [2026-05-31T00:05:52.851Z] ebay_psa9=n/a price=$2230.40 on_chain=2230400000 deviation=+0.0% tx=3XZeX9yuisjf1JGyfhuHvo2eCZLaprK1ytgE9WBCvhAvicNeMxgxBFJ22wHWtKM1yq5GQbdjdkgmQtQS39XYogxz
2026-05-30T21:09:45-03:00: [2026-05-31T00:09:45.945Z] WARN  RapidAPI error (attempt 1/3): RapidAPI HTTP 403: {"message":"You are not subscribed to this API."}. Retrying in 5s…
2026-05-30T21:09:51-03:00: [2026-05-31T00:09:51.186Z] WARN  RapidAPI error (attempt 2/3): RapidAPI HTTP 403: {"message":"You are not subscribed to this API."}. Retrying in 15s…
2026-05-30T21:10:08-03:00: [2026-05-31T00:10:08.124Z] WARN  RapidAPI error (attempt 3/3): RapidAPI HTTP 403: {"message":"You are not subscribed to this API."}. Retrying in 45s…
2026-05-30T21:10:53-03:00: [2026-05-31T00:10:53.378Z] ERROR RapidAPI fetch failed after retries: RapidAPI HTTP 403: {"message":"You are not subscribed to this API."}
2026-05-30T21:10:53-03:00: [2026-05-31T00:10:53.379Z] WARN  No valid price from API. Using last known good: $2230.40
2026-05-30T21:10:54-03:00: [2026-05-31T00:10:54.152Z] ebay_psa9=n/a price=$2230.40 on_chain=2230400000 deviation=+0.0% tx=317cYfZn4PHwt6nC8jk4mqvPuWmd6VYrrUpWyBuZbLgJMLxmAgU2iucPAbsu35YpesKYU7v6Fp1fgx6basaeDMBa
2026-05-30T21:14:46-03:00: [2026-05-31T00:14:46.012Z] WARN  RapidAPI error (attempt 1/3): RapidAPI HTTP 403: {"message":"You are not subscribed to this API."}. Retrying in 5s…
2026-05-30T21:14:51-03:00: [2026-05-31T00:14:51.262Z] WARN  RapidAPI error (attempt 2/3): RapidAPI HTTP 403: {"message":"You are not subscribed to this API."}. Retrying in 15s…
2026-05-30T21:15:06-03:00: [2026-05-31T00:15:06.522Z] WARN  RapidAPI error (attempt 3/3): RapidAPI HTTP 403: {"message":"You are not subscribed to this API."}. Retrying in 45s…
2026-05-30T21:15:51-03:00: [2026-05-31T00:15:51.909Z] ERROR RapidAPI fetch failed after retries: RapidAPI HTTP 403: {"message":"You are not subscribed to this API."}
2026-05-30T21:15:51-03:00: [2026-05-31T00:15:51.909Z] WARN  No valid price from API. Using last known good: $2230.40
2026-05-30T21:15:52-03:00: [2026-05-31T00:15:52.651Z] ebay_psa9=n/a price=$2230.40 on_chain=2230400000 deviation=+0.0% tx=3kPtnXXcavaXrZbNWPVY7pzCp42qdyRcUrH9iFS4UsC9MHbBF7oqkSh1Mi55C6zfbCz6Nq6mYNR7vJBAG37RzoBk
2026-05-30T21:19:45-03:00: [2026-05-31T00:19:45.956Z] WARN  RapidAPI error (attempt 1/3): RapidAPI HTTP 403: {"message":"You are not subscribed to this API."}. Retrying in 5s…
2026-05-30T21:19:51-03:00: [2026-05-31T00:19:51.164Z] WARN  RapidAPI error (attempt 2/3): RapidAPI HTTP 403: {"message":"You are not subscribed to this API."}. Retrying in 15s…
2026-05-30T21:20:06-03:00: [2026-05-31T00:20:06.394Z] WARN  RapidAPI error (attempt 3/3): RapidAPI HTTP 403: {"message":"You are not subscribed to this API."}. Retrying in 45s…
2026-05-30T21:20:51-03:00: [2026-05-31T00:20:51.644Z] ERROR RapidAPI fetch failed after retries: RapidAPI HTTP 403: {"message":"You are not subscribed to this API."}
2026-05-30T21:20:51-03:00: [2026-05-31T00:20:51.644Z] WARN  No valid price from API. Using last known good: $2230.40
2026-05-30T21:20:52-03:00: [2026-05-31T00:20:52.627Z] ebay_psa9=n/a price=$2230.40 on_chain=2230400000 deviation=+0.0% tx=4NydnjDj6rbMa8D4HQFQH2oELv6ciNzWp5zLMWcAs8145RHQ62h384T9xsfnpumKobXVfCsf7y8xvhhiBCuXmDV3
2026-05-30T21:24:45-03:00: [2026-05-31T00:24:45.926Z] WARN  RapidAPI error (attempt 1/3): RapidAPI HTTP 403: {"message":"You are not subscribed to this API."}. Retrying in 5s…
2026-05-30T21:24:51-03:00: [2026-05-31T00:24:51.149Z] WARN  RapidAPI error (attempt 2/3): RapidAPI HTTP 403: {"message":"You are not subscribed to this API."}. Retrying in 15s…
2026-05-30T21:25:06-03:00: [2026-05-31T00:25:06.361Z] WARN  RapidAPI error (attempt 3/3): RapidAPI HTTP 403: {"message":"You are not subscribed to this API."}. Retrying in 45s…
2026-05-30T21:25:51-03:00: [2026-05-31T00:25:51.641Z] ERROR RapidAPI fetch failed after retries: RapidAPI HTTP 403: {"message":"You are not subscribed to this API."}
2026-05-30T21:25:51-03:00: [2026-05-31T00:25:51.643Z] WARN  No valid price from API. Using last known good: $2230.40
2026-05-30T21:25:52-03:00: [2026-05-31T00:25:52.680Z] ebay_psa9=n/a price=$2230.40 on_chain=2230400000 deviation=+0.0% tx=5BAx69h2M47nMrKzrvAyCsdBQYYKamBUgBhabfqTtXCtGoNEkL4mjzbMURV583kDnA5WfWexLXeeeXuuNmRGogue
2026-05-30T21:29:45-03:00: [2026-05-31T00:29:45.994Z] WARN  RapidAPI error (attempt 1/3): RapidAPI HTTP 403: {"message":"You are not subscribed to this API."}. Retrying in 5s…
2026-05-30T21:29:51-03:00: [2026-05-31T00:29:51.236Z] WARN  RapidAPI error (attempt 2/3): RapidAPI HTTP 403: {"message":"You are not subscribed to this API."}. Retrying in 15s…
2026-05-30T21:30:06-03:00: [2026-05-31T00:30:06.722Z] WARN  RapidAPI error (attempt 3/3): RapidAPI HTTP 403: {"message":"You are not subscribed to this API."}. Retrying in 45s…
2026-05-30T21:30:37-03:00: [HEALTH] uptime=1359min updates=133 errors=52 last_price=$2230.40 last_update=2026-05-31T00:25:52.680Z
2026-05-30T21:30:51-03:00: [2026-05-31T00:30:51.933Z] ERROR RapidAPI fetch failed after retries: RapidAPI HTTP 403: {"message":"You are not subscribed to this API."}
2026-05-30T21:30:51-03:00: [2026-05-31T00:30:51.934Z] WARN  No valid price from API. Using last known good: $2230.40
2026-05-30T21:30:52-03:00: [2026-05-31T00:30:52.595Z] ebay_psa9=n/a price=$2230.40 on_chain=2230400000 deviation=+0.0% tx=5AURxSNuZAubix9otaZCTQCmWfRPEdDkvtcYK6U2gThhmD5aU5ibbzF2Gu6Dq5ZxCmRLfXnBqyDRsxoxKcZtzfSi
2026-05-30T21:34:45-03:00: [2026-05-31T00:34:45.896Z] WARN  RapidAPI error (attempt 1/3): RapidAPI HTTP 403: {"message":"You are not subscribed to this API."}. Retrying in 5s…
2026-05-30T21:34:51-03:00: [2026-05-31T00:34:51.134Z] WARN  RapidAPI error (attempt 2/3): RapidAPI HTTP 403: {"message":"You are not subscribed to this API."}. Retrying in 15s…
2026-05-30T21:35:06-03:00: [2026-05-31T00:35:06.417Z] WARN  RapidAPI error (attempt 3/3): RapidAPI HTTP 403: {"message":"You are not subscribed to this API."}. Retrying in 45s…
2026-05-30T21:35:51-03:00: [2026-05-31T00:35:51.629Z] ERROR RapidAPI fetch failed after retries: RapidAPI HTTP 403: {"message":"You are not subscribed to this API."}
2026-05-30T21:35:51-03:00: [2026-05-31T00:35:51.629Z] WARN  No valid price from API. Using last known good: $2230.40
2026-05-30T21:35:52-03:00: [2026-05-31T00:35:52.074Z] ebay_psa9=n/a price=$2230.40 on_chain=2230400000 deviation=+0.0% tx=2rXZruubGhd4oVFQUVNdVusyYNTjpoMoDc7Z2MKP47fwkWZiwTPQhfq4yWV97AtztdRUdCpJA35QiutB2Q522m4u
2026-05-30T21:39:46-03:00: [2026-05-31T00:39:46.000Z] WARN  RapidAPI error (attempt 1/3): RapidAPI HTTP 403: {"message":"You are not subscribed to this API."}. Retrying in 5s…
2026-05-30T21:39:51-03:00: [2026-05-31T00:39:51.309Z] WARN  RapidAPI error (attempt 2/3): RapidAPI HTTP 403: {"message":"You are not subscribed to this API."}. Retrying in 15s…
2026-05-30T21:40:06-03:00: [2026-05-31T00:40:06.606Z] WARN  RapidAPI error (attempt 3/3): RapidAPI HTTP 403: {"message":"You are not subscribed to this API."}. Retrying in 45s…
2026-05-30T21:40:52-03:00: [2026-05-31T00:40:52.261Z] ERROR RapidAPI fetch failed after retries: RapidAPI HTTP 403: {"message":"You are not subscribed to this API."}
2026-05-30T21:40:52-03:00: [2026-05-31T00:40:52.262Z] WARN  No valid price from API. Using last known good: $2230.40
2026-05-30T21:40:52-03:00: [2026-05-31T00:40:52.957Z] ebay_psa9=n/a price=$2230.40 on_chain=2230400000 deviation=+0.0% tx=3tpg5U9J5UpKrPGNyp2hkuSmSyGvQapbAhBvZbmoYZDsUqnhqQQFg5Wi74SDZmgghNwzYB8ToeSErTyTCFnjBUyw
2026-05-30T21:44:45-03:00: [2026-05-31T00:44:45.931Z] WARN  RapidAPI error (attempt 1/3): RapidAPI HTTP 403: {"message":"You are not subscribed to this API."}. Retrying in 5s…
2026-05-30T21:44:51-03:00: [2026-05-31T00:44:51.152Z] WARN  RapidAPI error (attempt 2/3): RapidAPI HTTP 403: {"message":"You are not subscribed to this API."}. Retrying in 15s…
2026-05-30T21:45:06-03:00: [2026-05-31T00:45:06.377Z] WARN  RapidAPI error (attempt 3/3): RapidAPI HTTP 403: {"message":"You are not subscribed to this API."}. Retrying in 45s…
2026-05-30T21:45:51-03:00: [2026-05-31T00:45:51.596Z] ERROR RapidAPI fetch failed after retries: RapidAPI HTTP 403: {"message":"You are not subscribed to this API."}
2026-05-30T21:45:51-03:00: [2026-05-31T00:45:51.596Z] WARN  No valid price from API. Using last known good: $2230.40
2026-05-30T21:45:52-03:00: [2026-05-31T00:45:52.263Z] ebay_psa9=n/a price=$2230.40 on_chain=2230400000 deviation=+0.0% tx=3Sbdpyjsw8AGuFD5j4Yf1fzwZykq9CuJ5LRxK5QX7vAysMDzsRH2sJabcogqXwC8K3A8Ktd8bmmMan1D2NJ9HUXJ
2026-05-30T21:49:45-03:00: [2026-05-31T00:49:45.968Z] WARN  RapidAPI error (attempt 1/3): RapidAPI HTTP 403: {"message":"You are not subscribed to this API."}. Retrying in 5s…
2026-05-30T21:49:51-03:00: [2026-05-31T00:49:51.209Z] WARN  RapidAPI error (attempt 2/3): RapidAPI HTTP 403: {"message":"You are not subscribed to this API."}. Retrying in 15s…
2026-05-30T21:50:06-03:00: [2026-05-31T00:50:06.443Z] WARN  RapidAPI error (attempt 3/3): RapidAPI HTTP 403: {"message":"You are not subscribed to this API."}. Retrying in 45s…
2026-05-30T21:50:51-03:00: [2026-05-31T00:50:51.758Z] ERROR RapidAPI fetch failed after retries: RapidAPI HTTP 403: {"message":"You are not subscribed to this API."}
2026-05-30T21:50:51-03:00: [2026-05-31T00:50:51.758Z] WARN  No valid price from API. Using last known good: $2230.40
2026-05-30T21:50:52-03:00: [2026-05-31T00:50:52.517Z] ebay_psa9=n/a price=$2230.40 on_chain=2230400000 deviation=+0.0% tx=56TwSy2krmywatZDj6SnQK66D3pUWZYgFwK9qVw145dDDfWt2Sn8pc9iRLX3Cycb654AumyGp8MzHkfH7zxNwMym
2026-05-30T21:54:45-03:00: [2026-05-31T00:54:45.803Z] WARN  RapidAPI error (attempt 1/3): RapidAPI HTTP 403: {"message":"You are not subscribed to this API."}. Retrying in 5s…
2026-05-30T21:54:50-03:00: [2026-05-31T00:54:50.969Z] WARN  RapidAPI error (attempt 2/3): RapidAPI HTTP 403: {"message":"You are not subscribed to this API."}. Retrying in 15s…
2026-05-30T21:55:06-03:00: [2026-05-31T00:55:06.333Z] WARN  RapidAPI error (attempt 3/3): RapidAPI HTTP 403: {"message":"You are not subscribed to this API."}. Retrying in 45s…
2026-05-30T21:55:51-03:00: [2026-05-31T00:55:51.542Z] ERROR RapidAPI fetch failed after retries: RapidAPI HTTP 403: {"message":"You are not subscribed to this API."}
2026-05-30T21:55:51-03:00: [2026-05-31T00:55:51.542Z] WARN  No valid price from API. Using last known good: $2230.40
2026-05-30T21:55:52-03:00: [2026-05-31T00:55:52.417Z] ebay_psa9=n/a price=$2230.40 on_chain=2230400000 deviation=+0.0% tx=51mFh8HmanHmL3rWAafWeX9VXSBdvRFdGAR51WCZ3nHamPACJFksjanAuK5hMiSwkpMhKYKumiLsztzTqiuHQBB7
2026-05-30T21:59:46-03:00: [2026-05-31T00:59:46.031Z] WARN  RapidAPI error (attempt 1/3): RapidAPI HTTP 403: {"message":"You are not subscribed to this API."}. Retrying in 5s…
2026-05-30T21:59:51-03:00: [2026-05-31T00:59:51.338Z] WARN  RapidAPI error (attempt 2/3): RapidAPI HTTP 403: {"message":"You are not subscribed to this API."}. Retrying in 15s…
2026-05-30T22:00:06-03:00: [2026-05-31T01:00:06.977Z] WARN  RapidAPI error (attempt 3/3): RapidAPI HTTP 403: {"message":"You are not subscribed to this API."}. Retrying in 45s…
2026-05-30T22:00:52-03:00: [2026-05-31T01:00:52.221Z] ERROR RapidAPI fetch failed after retries: RapidAPI HTTP 403: {"message":"You are not subscribed to this API."}
2026-05-30T22:00:52-03:00: [2026-05-31T01:00:52.222Z] WARN  No valid price from API. Using last known good: $2230.40
2026-05-30T22:00:53-03:00: [2026-05-31T01:00:53.007Z] ebay_psa9=n/a price=$2230.40 on_chain=2230400000 deviation=+0.0% tx=4iU1WkyQZ5rc3r2cfWxHQpmp1iL8MpW8zHZDZGdbtjiwuvWgkwzaqMkV8DZCuPkmpfXVAYZisJwNrRCGi5nyVhyv
2026-05-30T22:18:17-03:00: [2026-05-31T01:18:17.404Z] WARN  RapidAPI error (attempt 1/3): RapidAPI HTTP 403: {"message":"You are not subscribed to this API."}. Retrying in 5s…
2026-05-30T22:18:22-03:00: [2026-05-31T01:18:22.883Z] WARN  RapidAPI error (attempt 2/3): RapidAPI HTTP 403: {"message":"You are not subscribed to this API."}. Retrying in 15s…
2026-05-30T22:18:38-03:00: [2026-05-31T01:18:38.623Z] WARN  RapidAPI error (attempt 3/3): RapidAPI HTTP 403: {"message":"You are not subscribed to this API."}. Retrying in 45s…
2026-05-30T22:33:50-03:00: [HEALTH] uptime=1422min updates=140 errors=59 last_price=$2230.40 last_update=2026-05-31T01:00:53.007Z
2026-05-30T22:33:50-03:00: [2026-05-31T01:33:50.924Z] WARN  RapidAPI error (attempt 1/3): RapidAPI HTTP 429: {"message":"Too many requests"}. Retrying in 5s…
2026-05-30T22:33:50-03:00: [2026-05-31T01:33:50.954Z] ERROR RapidAPI fetch failed after retries: RapidAPI HTTP 403: {"message":"You are not subscribed to this API."}
2026-05-30T22:33:50-03:00: [2026-05-31T01:33:50.954Z] WARN  No valid price from API. Using last known good: $2230.40
2026-05-30T22:33:51-03:00: [2026-05-31T01:33:51.855Z] ebay_psa9=n/a price=$2230.40 on_chain=2230400000 deviation=+0.0% tx=2MiqS8WA5NnagzdtEc1MYeUWHuTzYkhapuWkaM8TLoyWmaXqZyzU8P7FFGwSKE6DmxA2Jgq345XvpDpnjWUThrPo
2026-05-30T22:33:56-03:00: [2026-05-31T01:33:56.123Z] WARN  RapidAPI error (attempt 2/3): RapidAPI HTTP 403: {"message":"You are not subscribed to this API."}. Retrying in 15s…
2026-05-30T22:34:11-03:00: [2026-05-31T01:34:11.589Z] WARN  RapidAPI error (attempt 3/3): RapidAPI HTTP 403: {"message":"You are not subscribed to this API."}. Retrying in 45s…
2026-05-30T22:49:24-03:00: [2026-05-31T01:49:24.269Z] WARN  RapidAPI error (attempt 1/3): RapidAPI HTTP 429: {"message":"Too many requests"}. Retrying in 5s…
2026-05-30T22:49:24-03:00: [2026-05-31T01:49:24.380Z] ERROR RapidAPI fetch failed after retries: RapidAPI HTTP 403: {"message":"You are not subscribed to this API."}
2026-05-30T22:49:24-03:00: [2026-05-31T01:49:24.380Z] WARN  No valid price from API. Using last known good: $2230.40
2026-05-30T22:49:25-03:00: [2026-05-31T01:49:25.156Z] ebay_psa9=n/a price=$2230.40 on_chain=2230400000 deviation=+0.0% tx=2xw9H7qDSemaPzoCucQsYWC35BbFmKXvnFnMoFBCJdaVSSwmCviPD3PpK5J32ZiiXVyMjAyFXyZR9sejtWXYBc62
2026-05-30T22:49:29-03:00: [2026-05-31T01:49:29.474Z] WARN  RapidAPI error (attempt 2/3): RapidAPI HTTP 403: {"message":"You are not subscribed to this API."}. Retrying in 15s…
2026-05-30T22:49:45-03:00: [2026-05-31T01:49:45.197Z] WARN  RapidAPI error (attempt 3/3): RapidAPI HTTP 403: {"message":"You are not subscribed to this API."}. Retrying in 45s…
2026-05-30T23:04:47-03:00: [2026-05-31T02:04:47.038Z] ERROR RapidAPI fetch failed after retries: RapidAPI HTTP 429: {"message":"Too many requests"}
2026-05-30T23:04:47-03:00: [2026-05-31T02:04:47.039Z] WARN  No valid price from API. Using last known good: $2230.40
2026-05-30T23:04:47-03:00: [2026-05-31T02:04:47.067Z] WARN  RapidAPI error (attempt 1/3): RapidAPI HTTP 403: {"message":"You are not subscribed to this API."}. Retrying in 5s…
2026-05-30T23:04:47-03:00: [2026-05-31T02:04:47.651Z] ebay_psa9=n/a price=$2230.40 on_chain=2230400000 deviation=+0.0% tx=576XjswsaVCUPPWYtHT1nAZa4mScwxahnob3mk8k9iyhmPtXBfxzRyvLMFmY5MEPjZbMEWjuppkdj1ku2B1uiEVu
2026-05-30T23:04:52-03:00: [2026-05-31T02:04:52.321Z] WARN  RapidAPI error (attempt 2/3): RapidAPI HTTP 403: {"message":"You are not subscribed to this API."}. Retrying in 15s…
2026-05-30T23:05:07-03:00: [2026-05-31T02:05:07.857Z] WARN  RapidAPI error (attempt 3/3): RapidAPI HTTP 403: {"message":"You are not subscribed to this API."}. Retrying in 45s…
2026-05-30T23:20:09-03:00: [2026-05-31T02:20:09.787Z] ERROR RapidAPI fetch failed after retries: RapidAPI HTTP 429: {"message":"Too many requests"}
2026-05-30T23:20:09-03:00: [2026-05-31T02:20:09.787Z] WARN  No valid price from API. Using last known good: $2230.40
2026-05-30T23:20:09-03:00: [2026-05-31T02:20:09.818Z] WARN  RapidAPI error (attempt 1/3): RapidAPI HTTP 403: {"message":"You are not subscribed to this API."}. Retrying in 5s…
2026-05-30T23:20:10-03:00: [2026-05-31T02:20:10.732Z] ebay_psa9=n/a price=$2230.40 on_chain=2230400000 deviation=+0.0% tx=2E1c49S3AawdcDopWerfm2m9JQnjtSNxDZn7BiAdiaAKhyMewcwcu7v3SS1RAxLWr7EAK6MXdM2Jee6vnR164LA4
2026-05-30T23:20:15-03:00: [2026-05-31T02:20:15.128Z] WARN  RapidAPI error (attempt 2/3): RapidAPI HTTP 403: {"message":"You are not subscribed to this API."}. Retrying in 15s…
2026-05-30T23:20:30-03:00: [2026-05-31T02:20:30.779Z] WARN  RapidAPI error (attempt 3/3): RapidAPI HTTP 403: {"message":"You are not subscribed to this API."}. Retrying in 45s…
2026-05-30T23:35:42-03:00: [HEALTH] uptime=1484min updates=144 errors=63 last_price=$2230.40 last_update=2026-05-31T02:20:10.732Z
2026-05-30T23:35:43-03:00: [2026-05-31T02:35:43.160Z] ERROR RapidAPI fetch failed after retries: RapidAPI HTTP 403: {"message":"You are not subscribed to this API."}
2026-05-30T23:35:43-03:00: [2026-05-31T02:35:43.160Z] WARN  No valid price from API. Using last known good: $2230.40
2026-05-30T23:35:43-03:00: [2026-05-31T02:35:43.214Z] WARN  RapidAPI error (attempt 1/3): RapidAPI HTTP 429: {"message":"Too many requests"}. Retrying in 5s…
2026-05-30T23:35:43-03:00: [2026-05-31T02:35:43.799Z] ebay_psa9=n/a price=$2230.40 on_chain=2230400000 deviation=+0.0% tx=3bVUqd3dyie56f7u3rdH6QDtHjEA42xBKtk7pLyiZJ7RUhay2nczPxBKKXgCkTMCXEw9n8eJhedUpUL3YAh2TmgV
2026-05-30T23:35:48-03:00: [2026-05-31T02:35:48.451Z] WARN  RapidAPI error (attempt 2/3): RapidAPI HTTP 403: {"message":"You are not subscribed to this API."}. Retrying in 15s…
2026-05-30T23:36:04-03:00: [2026-05-31T02:36:04.206Z] WARN  RapidAPI error (attempt 3/3): RapidAPI HTTP 403: {"message":"You are not subscribed to this API."}. Retrying in 45s…
2026-05-30T23:51:05-03:00: [2026-05-31T02:51:05.960Z] WARN  RapidAPI error (attempt 1/3): RapidAPI HTTP 429: {"message":"Too many requests"}. Retrying in 5s…
2026-05-30T23:51:05-03:00: [2026-05-31T02:51:05.991Z] ERROR RapidAPI fetch failed after retries: RapidAPI HTTP 403: {"message":"You are not subscribed to this API."}
2026-05-30T23:51:05-03:00: [2026-05-31T02:51:05.991Z] WARN  No valid price from API. Using last known good: $2230.40
2026-05-30T23:51:06-03:00: [2026-05-31T02:51:06.888Z] ebay_psa9=n/a price=$2230.40 on_chain=2230400000 deviation=+0.0% tx=4XJ1aueSKjEFzsiK3dWupoLVPqqhSZpmN7hTV5d3YP4vjdTatL4LWTA9N6d64vw9zoaEjwuttbW4ucnGhM5Wh4YC
2026-05-30T23:51:11-03:00: [2026-05-31T02:51:11.186Z] WARN  RapidAPI error (attempt 2/3): RapidAPI HTTP 403: {"message":"You are not subscribed to this API."}. Retrying in 15s…
2026-05-30T23:51:26-03:00: [2026-05-31T02:51:26.787Z] WARN  RapidAPI error (attempt 3/3): RapidAPI HTTP 403: {"message":"You are not subscribed to this API."}. Retrying in 45s…
2026-05-31T00:04:08-03:00: [2026-05-31T03:04:08.656Z] ERROR RapidAPI fetch failed after retries: RapidAPI HTTP 429: {"message":"Too many requests"}
2026-05-31T00:04:08-03:00: [2026-05-31T03:04:08.657Z] WARN  No valid price from API. Using last known good: $2230.40
2026-05-31T00:04:08-03:00: [2026-05-31T03:04:08.685Z] WARN  RapidAPI error (attempt 1/3): RapidAPI HTTP 403: {"message":"You are not subscribed to this API."}. Retrying in 5s…
2026-05-31T00:04:10-03:00: [2026-05-31T03:04:10.108Z] ebay_psa9=n/a price=$2230.40 on_chain=2230400000 deviation=+0.0% tx=3Uonxh2CTycnE45zi7Ck3A3S3A8PeyCfTKsvo4py2YyxLyrtJ2cSTNxPSHcVXqrAcbTu2MZjUndFdRJYS933Y7x9
2026-05-31T00:04:13-03:00: [2026-05-31T03:04:13.885Z] WARN  RapidAPI error (attempt 2/3): RapidAPI HTTP 403: {"message":"You are not subscribed to this API."}. Retrying in 15s…
2026-05-31T00:04:30-03:00: [2026-05-31T03:04:30.228Z] WARN  RapidAPI error (attempt 3/3): RapidAPI HTTP 403: {"message":"You are not subscribed to this API."}. Retrying in 45s…
2026-05-31T00:19:32-03:00: [2026-05-31T03:19:32.516Z] ERROR RapidAPI fetch failed after retries: RapidAPI HTTP 403: {"message":"You are not subscribed to this API."}
2026-05-31T00:19:32-03:00: [2026-05-31T03:19:32.516Z] WARN  No valid price from API. Using last known good: $2230.40
2026-05-31T00:19:32-03:00: [2026-05-31T03:19:32.525Z] WARN  RapidAPI error (attempt 1/3): RapidAPI HTTP 403: {"message":"You are not subscribed to this API."}. Retrying in 5s…
2026-05-31T00:19:33-03:00: [2026-05-31T03:19:33.402Z] ebay_psa9=n/a price=$2230.40 on_chain=2230400000 deviation=+0.0% tx=3aa3sossX85aBw47mQ9WxmvtwircrL69t11hUUMLpmm9MosqHghPbP2wFEcpVT5SXmmkvFa4wfZCk1swnDqvUp2c
2026-05-31T00:19:37-03:00: [2026-05-31T03:19:37.848Z] WARN  RapidAPI error (attempt 2/3): RapidAPI HTTP 403: {"message":"You are not subscribed to this API."}. Retrying in 15s…
2026-05-31T00:19:53-03:00: [2026-05-31T03:19:53.358Z] WARN  RapidAPI error (attempt 3/3): RapidAPI HTTP 403: {"message":"You are not subscribed to this API."}. Retrying in 45s…
2026-05-31T00:34:56-03:00: [2026-05-31T03:34:56.605Z] WARN  RapidAPI error (attempt 1/3): RapidAPI HTTP 403: {"message":"You are not subscribed to this API."}. Retrying in 5s…
2026-05-31T00:34:56-03:00: [2026-05-31T03:34:56.615Z] ERROR RapidAPI fetch failed after retries: RapidAPI HTTP 403: {"message":"You are not subscribed to this API."}
2026-05-31T00:34:56-03:00: [2026-05-31T03:34:56.615Z] WARN  No valid price from API. Using last known good: $2230.40
2026-05-31T00:34:57-03:00: [2026-05-31T03:34:57.087Z] ebay_psa9=n/a price=$2230.40 on_chain=2230400000 deviation=+0.0% tx=2bSyf62z2MBXgACShYD1v5Gh6FYHaSiyk4S7Eigoa89MutDDTDVBWq3k2osveWoUgs1DLcL69smzEVUaVgjQarj2
2026-05-31T00:35:01-03:00: [2026-05-31T03:35:01.832Z] WARN  RapidAPI error (attempt 2/3): RapidAPI HTTP 403: {"message":"You are not subscribed to this API."}. Retrying in 15s…
2026-05-31T00:35:17-03:00: [2026-05-31T03:35:17.274Z] WARN  RapidAPI error (attempt 3/3): RapidAPI HTTP 403: {"message":"You are not subscribed to this API."}. Retrying in 45s…
2026-05-31T00:50:29-03:00: [HEALTH] uptime=1559min updates=149 errors=68 last_price=$2230.40 last_update=2026-05-31T03:34:57.087Z
2026-05-31T00:50:29-03:00: [2026-05-31T03:50:29.939Z] ERROR RapidAPI fetch failed after retries: RapidAPI HTTP 403: {"message":"You are not subscribed to this API."}
2026-05-31T00:50:29-03:00: [2026-05-31T03:50:29.939Z] WARN  No valid price from API. Using last known good: $2230.40
2026-05-31T00:50:29-03:00: [2026-05-31T03:50:29.954Z] WARN  RapidAPI error (attempt 1/3): RapidAPI HTTP 403: {"message":"You are not subscribed to this API."}. Retrying in 5s…
2026-05-31T00:50:30-03:00: [2026-05-31T03:50:30.608Z] ebay_psa9=n/a price=$2230.40 on_chain=2230400000 deviation=+0.0% tx=5BYH9dehtdYY6RcWJXG9CLHNyreZzbfrbhFY4qpKh9igVF49eKnYEXhJfkpWMFLGDpGWMXfU9owTDw8Kxv8cKgeH
2026-05-31T00:50:35-03:00: [2026-05-31T03:50:35.159Z] WARN  RapidAPI error (attempt 2/3): RapidAPI HTTP 403: {"message":"You are not subscribed to this API."}. Retrying in 15s…
2026-05-31T00:50:50-03:00: [2026-05-31T03:50:50.367Z] WARN  RapidAPI error (attempt 3/3): RapidAPI HTTP 403: {"message":"You are not subscribed to this API."}. Retrying in 45s…
2026-05-31T01:05:09-03:00: [2026-05-31T04:05:09.449Z] WARN  RapidAPI error (attempt 1/3): RapidAPI HTTP 429: {"message":"Too many requests"}. Retrying in 5s…
2026-05-31T01:05:09-03:00: [2026-05-31T04:05:09.486Z] ERROR RapidAPI fetch failed after retries: RapidAPI HTTP 403: {"message":"You are not subscribed to this API."}
2026-05-31T01:05:09-03:00: [2026-05-31T04:05:09.486Z] WARN  No valid price from API. Using last known good: $2230.40
2026-05-31T01:05:10-03:00: [2026-05-31T04:05:10.409Z] ebay_psa9=n/a price=$2230.40 on_chain=2230400000 deviation=+0.0% tx=5qrypaDcmL28v3z4hC2tnYiezqAWnGUmmMkKoUySmiD2sQTQa1NWEEgS3KvYAiEqTJjmUvFwSagcs2QWcztuezBW
2026-05-31T01:05:14-03:00: [2026-05-31T04:05:14.658Z] WARN  RapidAPI error (attempt 2/3): RapidAPI HTTP 403: {"message":"You are not subscribed to this API."}. Retrying in 15s…
2026-05-31T01:05:29-03:00: [2026-05-31T04:05:29.955Z] WARN  RapidAPI error (attempt 3/3): RapidAPI HTTP 403: {"message":"You are not subscribed to this API."}. Retrying in 45s…
2026-05-31T01:20:32-03:00: [2026-05-31T04:20:32.385Z] WARN  RapidAPI error (attempt 1/3): RapidAPI HTTP 403: {"message":"You are not subscribed to this API."}. Retrying in 5s…
2026-05-31T01:20:32-03:00: [2026-05-31T04:20:32.433Z] ERROR RapidAPI fetch failed after retries: RapidAPI HTTP 429: {"message":"Too many requests"}
2026-05-31T01:20:32-03:00: [2026-05-31T04:20:32.433Z] WARN  No valid price from API. Using last known good: $2230.40
2026-05-31T01:20:33-03:00: [2026-05-31T04:20:33.323Z] ebay_psa9=n/a price=$2230.40 on_chain=2230400000 deviation=+0.0% tx=2Ckhi8WwBmJMMs18k6DQ9emLfFpRuYLMf3Pcs1wgk6nSUyiMKrwsiGuCDJUnuPB4kbMx93p443X2ymsAbGjV7rVN
2026-05-31T01:20:37-03:00: [2026-05-31T04:20:37.596Z] WARN  RapidAPI error (attempt 2/3): RapidAPI HTTP 403: {"message":"You are not subscribed to this API."}. Retrying in 15s…
2026-05-31T01:20:52-03:00: [2026-05-31T04:20:52.948Z] WARN  RapidAPI error (attempt 3/3): RapidAPI HTTP 403: {"message":"You are not subscribed to this API."}. Retrying in 45s…
2026-05-31T01:35:55-03:00: [2026-05-31T04:35:55.513Z] ERROR RapidAPI fetch failed after retries: RapidAPI HTTP 403: {"message":"You are not subscribed to this API."}
2026-05-31T01:35:55-03:00: [2026-05-31T04:35:55.514Z] WARN  No valid price from API. Using last known good: $2230.40
2026-05-31T01:35:55-03:00: [2026-05-31T04:35:55.522Z] WARN  RapidAPI error (attempt 1/3): RapidAPI HTTP 403: {"message":"You are not subscribed to this API."}. Retrying in 5s…
2026-05-31T01:35:56-03:00: [2026-05-31T04:35:56.446Z] ebay_psa9=n/a price=$2230.40 on_chain=2230400000 deviation=+0.0% tx=5powFwDpzTmnmLrxLL1kMi5WE7cosN7KDbT35AfKXEAf2zY1wA1PBgucBxeBJM1uoQwvAd4URYVgKKysirCotZmV
2026-05-31T01:36:00-03:00: [2026-05-31T04:36:00.960Z] WARN  RapidAPI error (attempt 2/3): RapidAPI HTTP 403: {"message":"You are not subscribed to this API."}. Retrying in 15s…
2026-05-31T01:36:16-03:00: [2026-05-31T04:36:16.607Z] WARN  RapidAPI error (attempt 3/3): RapidAPI HTTP 403: {"message":"You are not subscribed to this API."}. Retrying in 45s…
2026-05-31T01:51:28-03:00: [HEALTH] uptime=1620min updates=153 errors=72 last_price=$2230.40 last_update=2026-05-31T04:35:56.446Z
2026-05-31T01:51:28-03:00: [2026-05-31T04:51:28.847Z] ERROR RapidAPI fetch failed after retries: RapidAPI HTTP 403: {"message":"You are not subscribed to this API."}
2026-05-31T01:51:28-03:00: [2026-05-31T04:51:28.847Z] WARN  No valid price from API. Using last known good: $2230.40
2026-05-31T01:51:28-03:00: [2026-05-31T04:51:28.848Z] WARN  RapidAPI error (attempt 1/3): RapidAPI HTTP 403: {"message":"You are not subscribed to this API."}. Retrying in 5s…
2026-05-31T01:51:29-03:00: [2026-05-31T04:51:29.551Z] ebay_psa9=n/a price=$2230.40 on_chain=2230400000 deviation=+0.0% tx=62gJ5qYgd63axnKcFgkfPJ3E88dwAjToJi9N9UitvnVXqeozYi6dRSf1xgXNQm2i8maB2mf943kNBXafLDUYkCeQ
2026-05-31T01:51:34-03:00: [2026-05-31T04:51:34.084Z] WARN  RapidAPI error (attempt 2/3): RapidAPI HTTP 403: {"message":"You are not subscribed to this API."}. Retrying in 15s…
2026-05-31T01:51:49-03:00: [2026-05-31T04:51:49.647Z] WARN  RapidAPI error (attempt 3/3): RapidAPI HTTP 403: {"message":"You are not subscribed to this API."}. Retrying in 45s…
2026-05-31T02:06:51-03:00: [2026-05-31T05:06:51.738Z] ERROR RapidAPI fetch failed after retries: RapidAPI HTTP 403: {"message":"You are not subscribed to this API."}
2026-05-31T02:06:51-03:00: [2026-05-31T05:06:51.738Z] WARN  No valid price from API. Using last known good: $2230.40
2026-05-31T02:06:51-03:00: [2026-05-31T05:06:51.754Z] WARN  RapidAPI error (attempt 1/3): RapidAPI HTTP 403: {"message":"You are not subscribed to this API."}. Retrying in 5s…
2026-05-31T02:06:52-03:00: [2026-05-31T05:06:52.349Z] ebay_psa9=n/a price=$2230.40 on_chain=2230400000 deviation=+0.0% tx=ynp1AUHWc2qEvpfyrGFT4frmKuXrXgpWFSnswt63PVP3bRfAooTnNvpG2iPLzJ8JNcNXm5feQ57PudCLRNx6gtj
2026-05-31T02:06:57-03:00: [2026-05-31T05:06:57.073Z] WARN  RapidAPI error (attempt 2/3): RapidAPI HTTP 403: {"message":"You are not subscribed to this API."}. Retrying in 15s…
2026-05-31T02:07:12-03:00: [2026-05-31T05:07:12.585Z] WARN  RapidAPI error (attempt 3/3): RapidAPI HTTP 403: {"message":"You are not subscribed to this API."}. Retrying in 45s…
2026-05-31T02:22:14-03:00: [2026-05-31T05:22:14.703Z] ERROR RapidAPI fetch failed after retries: RapidAPI HTTP 403: {"message":"You are not subscribed to this API."}
2026-05-31T02:22:14-03:00: [2026-05-31T05:22:14.703Z] WARN  No valid price from API. Using last known good: $2230.40
2026-05-31T02:22:15-03:00: [2026-05-31T05:22:15.089Z] WARN  RapidAPI error (attempt 1/3): RapidAPI HTTP 403: {"message":"You are not subscribed to this API."}. Retrying in 5s…
2026-05-31T02:22:15-03:00: [2026-05-31T05:22:15.358Z] ebay_psa9=n/a price=$2230.40 on_chain=2230400000 deviation=+0.0% tx=4knc6cdHUs3pTau5AwNzRUxFfqdW2dgqsB9sjXqkPSaYGSpw26DaRtFQeTQsX6Cp1WFPATxuMxi4CHsbK7wU478w
2026-05-31T02:22:20-03:00: [2026-05-31T05:22:20.632Z] WARN  RapidAPI error (attempt 2/3): RapidAPI HTTP 403: {"message":"You are not subscribed to this API."}. Retrying in 15s…
2026-05-31T02:22:35-03:00: [2026-05-31T05:22:35.872Z] WARN  RapidAPI error (attempt 3/3): RapidAPI HTTP 403: {"message":"You are not subscribed to this API."}. Retrying in 45s…
2026-05-31T02:37:44-03:00: [2026-05-31T05:37:44.286Z] ERROR RapidAPI fetch failed after retries: RapidAPI HTTP 429: {"message":"Too many requests"}
2026-05-31T02:37:44-03:00: [2026-05-31T05:37:44.286Z] WARN  No valid price from API. Using last known good: $2230.40
2026-05-31T02:37:44-03:00: [2026-05-31T05:37:44.313Z] WARN  RapidAPI error (attempt 1/3): RapidAPI HTTP 403: {"message":"You are not subscribed to this API."}. Retrying in 5s…
2026-05-31T02:37:44-03:00: [2026-05-31T05:37:44.972Z] ebay_psa9=n/a price=$2230.40 on_chain=2230400000 deviation=+0.0% tx=2MAYUKhw6JPK9hCu2AaNWEgSXwQ4s4EtokudzfCbtJGttCtK39ZJBou9yAtUVPqMiAaXYGJ1j4CbWU6B6iN2Hpc9
2026-05-31T02:37:49-03:00: [2026-05-31T05:37:49.551Z] WARN  RapidAPI error (attempt 2/3): RapidAPI HTTP 403: {"message":"You are not subscribed to this API."}. Retrying in 15s…
2026-05-31T02:38:05-03:00: [2026-05-31T05:38:05.107Z] WARN  RapidAPI error (attempt 3/3): RapidAPI HTTP 403: {"message":"You are not subscribed to this API."}. Retrying in 45s…
2026-05-31T02:42:30-03:00: [2026-05-31T05:42:30.242Z] ERROR RapidAPI fetch failed after retries: RapidAPI HTTP 403: {"message":"You are not subscribed to this API."}
2026-05-31T02:42:30-03:00: [2026-05-31T05:42:30.242Z] WARN  No valid price from API. Using last known good: $2230.40
2026-05-31T02:42:31-03:00: [2026-05-31T05:42:31.240Z] ebay_psa9=n/a price=$2230.40 on_chain=2230400000 deviation=+0.0% tx=5FBaRFdpdaQ69FEVhY2vKCU1ez5SfU1xnkdAttGALYnfJAi87919QnT6Jg1Zwxx2GjoaYiHXkyWoPy4VbjXvSC5Q
2026-05-31T02:57:42-03:00: [HEALTH] uptime=1686min updates=158 errors=77 last_price=$2230.40 last_update=2026-05-31T05:42:31.240Z
2026-05-31T02:57:43-03:00: [2026-05-31T05:57:43.665Z] WARN  RapidAPI error (attempt 1/3): RapidAPI HTTP 403: {"message":"You are not subscribed to this API."}. Retrying in 5s…
2026-05-31T02:57:48-03:00: [2026-05-31T05:57:48.886Z] WARN  RapidAPI error (attempt 2/3): RapidAPI HTTP 403: {"message":"You are not subscribed to this API."}. Retrying in 15s…
2026-05-31T02:58:04-03:00: [2026-05-31T05:58:04.163Z] WARN  RapidAPI error (attempt 3/3): RapidAPI HTTP 403: {"message":"You are not subscribed to this API."}. Retrying in 45s…
2026-05-31T03:13:07-03:00: [2026-05-31T06:13:07.601Z] WARN  RapidAPI error (attempt 1/3): RapidAPI HTTP 429: {"message":"Too many requests"}. Retrying in 5s…
2026-05-31T03:13:07-03:00: [2026-05-31T06:13:07.629Z] ERROR RapidAPI fetch failed after retries: RapidAPI HTTP 403: {"message":"You are not subscribed to this API."}
2026-05-31T03:13:07-03:00: [2026-05-31T06:13:07.629Z] WARN  No valid price from API. Using last known good: $2230.40
2026-05-31T03:13:08-03:00: [2026-05-31T06:13:08.350Z] ebay_psa9=n/a price=$2230.40 on_chain=2230400000 deviation=+0.0% tx=drB93ZQDbPUK4a5eq5GsoB8bBrySecU4V3vRTj2MZJWRJvUReFwsiKiBdiGFAedA4iGmb6rL6yVT4NwbckxGEyb
2026-05-31T03:13:12-03:00: [2026-05-31T06:13:12.812Z] WARN  RapidAPI error (attempt 2/3): RapidAPI HTTP 403: {"message":"You are not subscribed to this API."}. Retrying in 15s…
2026-05-31T03:13:28-03:00: [2026-05-31T06:13:28.399Z] WARN  RapidAPI error (attempt 3/3): RapidAPI HTTP 403: {"message":"You are not subscribed to this API."}. Retrying in 45s…
2026-05-31T03:28:30-03:00: [2026-05-31T06:28:30.542Z] ERROR RapidAPI fetch failed after retries: RapidAPI HTTP 429: {"message":"Too many requests"}
2026-05-31T03:28:30-03:00: [2026-05-31T06:28:30.542Z] WARN  No valid price from API. Using last known good: $2230.40
2026-05-31T03:28:30-03:00: [2026-05-31T06:28:30.586Z] WARN  RapidAPI error (attempt 1/3): RapidAPI HTTP 403: {"message":"You are not subscribed to this API."}. Retrying in 5s…
2026-05-31T03:28:31-03:00: [2026-05-31T06:28:31.462Z] ebay_psa9=n/a price=$2230.40 on_chain=2230400000 deviation=+0.0% tx=A4RbRaP84JYhJQfNqYtnPRFnfwfhxg16XuYAzmEqTxpYxpW11d4FQkRyWeffcz1oBXJZ18HzBqz3AEKoJPgv268
2026-05-31T03:28:35-03:00: [2026-05-31T06:28:35.800Z] WARN  RapidAPI error (attempt 2/3): RapidAPI HTTP 403: {"message":"You are not subscribed to this API."}. Retrying in 15s…
2026-05-31T03:28:51-03:00: [2026-05-31T06:28:51.222Z] WARN  RapidAPI error (attempt 3/3): RapidAPI HTTP 403: {"message":"You are not subscribed to this API."}. Retrying in 45s…
2026-05-31T03:43:53-03:00: [2026-05-31T06:43:53.612Z] WARN  RapidAPI error (attempt 1/3): RapidAPI HTTP 429: {"message":"Too many requests"}. Retrying in 5s…
2026-05-31T03:43:53-03:00: [2026-05-31T06:43:53.805Z] ERROR RapidAPI fetch failed after retries: RapidAPI HTTP 403: {"message":"You are not subscribed to this API."}
2026-05-31T03:43:53-03:00: [2026-05-31T06:43:53.805Z] WARN  No valid price from API. Using last known good: $2230.40
2026-05-31T03:43:54-03:00: [2026-05-31T06:43:54.455Z] ebay_psa9=n/a price=$2230.40 on_chain=2230400000 deviation=+0.0% tx=3XUjDjAesCmWfRe6N68pp8QPEhFBMXPUXAvma943Mf9LYgXsMKLHZpf3ircKc5xfbMFrt4YSTnuNovkiZZUmUcKt
2026-05-31T03:43:58-03:00: [2026-05-31T06:43:58.832Z] WARN  RapidAPI error (attempt 2/3): RapidAPI HTTP 403: {"message":"You are not subscribed to this API."}. Retrying in 15s…
2026-05-31T03:44:14-03:00: [2026-05-31T06:44:14.156Z] WARN  RapidAPI error (attempt 3/3): RapidAPI HTTP 403: {"message":"You are not subscribed to this API."}. Retrying in 45s…
2026-05-31T03:59:26-03:00: [HEALTH] uptime=1748min updates=161 errors=80 last_price=$2230.40 last_update=2026-05-31T06:43:54.455Z
2026-05-31T03:59:26-03:00: [2026-05-31T06:59:26.907Z] WARN  RapidAPI error (attempt 1/3): RapidAPI HTTP 429: {"message":"Too many requests"}. Retrying in 5s…
2026-05-31T03:59:27-03:00: [2026-05-31T06:59:27.027Z] ERROR RapidAPI fetch failed after retries: RapidAPI HTTP 403: {"message":"You are not subscribed to this API."}
2026-05-31T03:59:27-03:00: [2026-05-31T06:59:27.027Z] WARN  No valid price from API. Using last known good: $2230.40
2026-05-31T03:59:28-03:00: [2026-05-31T06:59:28.057Z] ebay_psa9=n/a price=$2230.40 on_chain=2230400000 deviation=+0.0% tx=4sXKdf6Zrchkun8L1uHrMng293ZKUqLvwnFGngdBZ8ibKPcdZyNzBcihaNTKDYKe9szMZEexSGMdsVPH712RzkXd
2026-05-31T03:59:32-03:00: [2026-05-31T06:59:32.110Z] WARN  RapidAPI error (attempt 2/3): RapidAPI HTTP 403: {"message":"You are not subscribed to this API."}. Retrying in 15s…
2026-05-31T03:59:47-03:00: [2026-05-31T06:59:47.331Z] WARN  RapidAPI error (attempt 3/3): RapidAPI HTTP 403: {"message":"You are not subscribed to this API."}. Retrying in 45s…
2026-05-31T04:14:49-03:00: [2026-05-31T07:14:49.124Z] WARN  RapidAPI error (attempt 1/3): RapidAPI HTTP 429: {"message":"Too many requests"}. Retrying in 5s…
2026-05-31T04:14:49-03:00: [2026-05-31T07:14:49.140Z] ERROR RapidAPI fetch failed after retries: RapidAPI HTTP 403: {"message":"You are not subscribed to this API."}
2026-05-31T04:14:49-03:00: [2026-05-31T07:14:49.140Z] WARN  No valid price from API. Using last known good: $2230.40
2026-05-31T04:14:50-03:00: [2026-05-31T07:14:50.060Z] ebay_psa9=n/a price=$2230.40 on_chain=2230400000 deviation=+0.0% tx=2VwRhxz8dJPosQDoJkWrCevFduDVu6xUPHJCRoBv7HEkMfqGifKuazE7SbrrwSUT9fzAQs6dg17S4EL4hQpu3JDw
2026-05-31T04:14:54-03:00: [2026-05-31T07:14:54.363Z] WARN  RapidAPI error (attempt 2/3): RapidAPI HTTP 403: {"message":"You are not subscribed to this API."}. Retrying in 15s…
2026-05-31T04:30:12-03:00: [2026-05-31T07:30:12.091Z] WARN  RapidAPI error (attempt 3/3): fetch failed. Retrying in 45s…
2026-05-31T04:30:12-03:00: [2026-05-31T07:30:12.323Z] WARN  RapidAPI error (attempt 1/3): RapidAPI HTTP 403: {"message":"You are not subscribed to this API."}. Retrying in 5s…
2026-05-31T04:30:17-03:00: [2026-05-31T07:30:17.545Z] WARN  RapidAPI error (attempt 2/3): RapidAPI HTTP 403: {"message":"You are not subscribed to this API."}. Retrying in 15s…
2026-05-31T04:30:32-03:00: [2026-05-31T07:30:32.752Z] WARN  RapidAPI error (attempt 3/3): RapidAPI HTTP 403: {"message":"You are not subscribed to this API."}. Retrying in 45s…
2026-05-31T04:45:35-03:00: [2026-05-31T07:45:35.565Z] ERROR RapidAPI fetch failed after retries: RapidAPI HTTP 429: {"message":"Too many requests"}
2026-05-31T04:45:35-03:00: [2026-05-31T07:45:35.565Z] WARN  No valid price from API. Using last known good: $2230.40
2026-05-31T04:45:35-03:00: [2026-05-31T07:45:35.713Z] WARN  RapidAPI error (attempt 1/3): RapidAPI HTTP 403: {"message":"You are not subscribed to this API."}. Retrying in 5s…
2026-05-31T04:45:35-03:00: [2026-05-31T07:45:35.881Z] ERROR RapidAPI fetch failed after retries: RapidAPI HTTP 429: {"message":"Too many requests"}
2026-05-31T04:45:35-03:00: [2026-05-31T07:45:35.881Z] WARN  No valid price from API. Using last known good: $2230.40
2026-05-31T04:45:36-03:00: [2026-05-31T07:45:36.292Z] ebay_psa9=n/a price=$2230.40 on_chain=2230400000 deviation=+0.0% tx=456bChFr2P9agPF5vNS3LFvsJeh5szbVCiJcpJFmfFSgWSe6fZDXbQLDF2uKZGKBDM9aDD1jNLU5SgdB38uNQJ7T
2026-05-31T04:45:36-03:00: [2026-05-31T07:45:36.292Z] ebay_psa9=n/a price=$2230.40 on_chain=2230400000 deviation=+0.0% tx=456bChFr2P9agPF5vNS3LFvsJeh5szbVCiJcpJFmfFSgWSe6fZDXbQLDF2uKZGKBDM9aDD1jNLU5SgdB38uNQJ7T
2026-05-31T04:45:41-03:00: [2026-05-31T07:45:41.134Z] WARN  RapidAPI error (attempt 2/3): RapidAPI HTTP 403: {"message":"You are not subscribed to this API."}. Retrying in 15s…
2026-05-31T04:45:56-03:00: [2026-05-31T07:45:56.837Z] WARN  RapidAPI error (attempt 3/3): RapidAPI HTTP 403: {"message":"You are not subscribed to this API."}. Retrying in 45s…
2026-05-31T05:01:07-03:00: [HEALTH] uptime=1809min updates=165 errors=84 last_price=$2230.40 last_update=2026-05-31T07:45:36.292Z
2026-05-31T05:01:07-03:00: [2026-05-31T08:01:07.904Z] WARN  RapidAPI error (attempt 1/3): RapidAPI HTTP 429: {"message":"Too many requests"}. Retrying in 5s…
2026-05-31T05:01:08-03:00: [2026-05-31T08:01:08.100Z] ERROR RapidAPI fetch failed after retries: RapidAPI HTTP 403: {"message":"You are not subscribed to this API."}
2026-05-31T05:01:08-03:00: [2026-05-31T08:01:08.100Z] WARN  No valid price from API. Using last known good: $2230.40
2026-05-31T05:01:08-03:00: [2026-05-31T08:01:08.796Z] ebay_psa9=n/a price=$2230.40 on_chain=2230400000 deviation=+0.0% tx=494PzDrLvCahahGuRsBh8K1shNMM2gyE3mBGvLtWXcCcvh8PLZbNvYoXWRCQU3ndLyUsXphQ1MybzTGRhDNzN34Q
2026-05-31T05:01:13-03:00: [2026-05-31T08:01:13.114Z] WARN  RapidAPI error (attempt 2/3): RapidAPI HTTP 403: {"message":"You are not subscribed to this API."}. Retrying in 15s…
2026-05-31T05:01:29-03:00: [2026-05-31T08:01:29.437Z] WARN  RapidAPI error (attempt 3/3): RapidAPI HTTP 403: {"message":"You are not subscribed to this API."}. Retrying in 45s…
2026-05-31T05:16:30-03:00: [2026-05-31T08:16:30.856Z] ERROR RapidAPI fetch failed after retries: RapidAPI HTTP 429: {"message":"Too many requests"}
2026-05-31T05:16:30-03:00: [2026-05-31T08:16:30.856Z] WARN  No valid price from API. Using last known good: $2230.40
2026-05-31T05:16:31-03:00: [2026-05-31T08:16:31.378Z] WARN  RapidAPI error (attempt 1/3): RapidAPI HTTP 403: {"message":"You are not subscribed to this API."}. Retrying in 5s…
2026-05-31T05:16:31-03:00: [2026-05-31T08:16:31.505Z] ebay_psa9=n/a price=$2230.40 on_chain=2230400000 deviation=+0.0% tx=4KTpXkS6kUw9Cujqmg46QmsWuF2Hutm8KzUrqF6W5a1J2kKV68JWZo4KGtkfEjNkwMEMF4ppNgMvz2A6DHdfUHfE
2026-05-31T05:16:36-03:00: [2026-05-31T08:16:36.702Z] WARN  RapidAPI error (attempt 2/3): RapidAPI HTTP 403: {"message":"You are not subscribed to this API."}. Retrying in 15s…
2026-05-31T05:16:52-03:00: [2026-05-31T08:16:52.528Z] WARN  RapidAPI error (attempt 3/3): RapidAPI HTTP 403: {"message":"You are not subscribed to this API."}. Retrying in 45s…
2026-05-31T05:32:26-03:00: [2026-05-31T08:32:26.852Z] ERROR RapidAPI fetch failed after retries: RapidAPI HTTP 429: {"message":"Too many requests"}
2026-05-31T05:32:26-03:00: [2026-05-31T08:32:26.852Z] WARN  No valid price from API. Using last known good: $2230.40
2026-05-31T05:32:26-03:00: [2026-05-31T08:32:26.897Z] WARN  RapidAPI error (attempt 1/3): RapidAPI HTTP 403: {"message":"You are not subscribed to this API."}. Retrying in 5s…
2026-05-31T05:32:27-03:00: [2026-05-31T08:32:27.680Z] ebay_psa9=n/a price=$2230.40 on_chain=2230400000 deviation=+0.0% tx=4gZf2Y9GiguNtAZ3tLSkeGqHRhTTNQjW7GHPipCWD63rZXQtuqPif3WDSeK2hn46SWAbAPdk8GJZue7fZEXXGnGM
2026-05-31T05:32:32-03:00: [2026-05-31T08:32:32.150Z] WARN  RapidAPI error (attempt 2/3): RapidAPI HTTP 403: {"message":"You are not subscribed to this API."}. Retrying in 15s…
2026-05-31T05:32:47-03:00: [2026-05-31T08:32:47.794Z] WARN  RapidAPI error (attempt 3/3): RapidAPI HTTP 403: {"message":"You are not subscribed to this API."}. Retrying in 45s…
2026-05-31T05:47:50-03:00: [2026-05-31T08:47:50.114Z] WARN  RapidAPI error (attempt 1/3): RapidAPI HTTP 429: {"message":"Too many requests"}. Retrying in 5s…
2026-05-31T05:47:50-03:00: [2026-05-31T08:47:50.145Z] ERROR RapidAPI fetch failed after retries: RapidAPI HTTP 403: {"message":"You are not subscribed to this API."}
2026-05-31T05:47:50-03:00: [2026-05-31T08:47:50.145Z] WARN  No valid price from API. Using last known good: $2230.40
2026-05-31T05:47:50-03:00: [2026-05-31T08:47:50.905Z] ebay_psa9=n/a price=$2230.40 on_chain=2230400000 deviation=+0.0% tx=5zCQHcudnqhbyfj7mpevezQTNTEsvpXywoBq5PDtiawLP7R2u9iPKvWYwvhNXq8WJNZgVQZBdJSKEX9X512HgDRq
2026-05-31T05:47:55-03:00: [2026-05-31T08:47:55.464Z] WARN  RapidAPI error (attempt 2/3): RapidAPI HTTP 403: {"message":"You are not subscribed to this API."}. Retrying in 15s…
2026-05-31T05:48:11-03:00: [2026-05-31T08:48:11.356Z] WARN  RapidAPI error (attempt 3/3): RapidAPI HTTP 403: {"message":"You are not subscribed to this API."}. Retrying in 45s…
2026-05-31T06:03:22-03:00: [HEALTH] uptime=1872min updates=169 errors=88 last_price=$2230.40 last_update=2026-05-31T08:47:50.905Z
2026-05-31T06:03:23-03:00: [2026-05-31T09:03:23.299Z] WARN  RapidAPI error (attempt 1/3): RapidAPI HTTP 403: {"message":"You are not subscribed to this API."}. Retrying in 5s…
2026-05-31T06:03:23-03:00: [2026-05-31T09:03:23.305Z] ERROR RapidAPI fetch failed after retries: RapidAPI HTTP 429: {"message":"Too many requests"}
2026-05-31T06:03:23-03:00: [2026-05-31T09:03:23.305Z] WARN  No valid price from API. Using last known good: $2230.40
2026-05-31T06:03:24-03:00: [2026-05-31T09:03:24.214Z] ebay_psa9=n/a price=$2230.40 on_chain=2230400000 deviation=+0.0% tx=596Mc1UzYd8ujLQP5cacLshEcCYpMexTJaNxBuyK3vq8Ao9n3BySvZExB5mDozZ1BzJyKmGonXW61C66XN6NFupz
2026-05-31T06:03:32-03:00: [2026-05-31T09:03:32.356Z] WARN  RapidAPI error (attempt 2/3): RapidAPI HTTP 403: {"message":"You are not subscribed to this API."}. Retrying in 15s…
2026-05-31T06:18:46-03:00: [2026-05-31T09:18:46.908Z] WARN  RapidAPI error (attempt 3/3): RapidAPI HTTP 429: {"message":"Too many requests"}. Retrying in 45s…
2026-05-31T06:18:46-03:00: [2026-05-31T09:18:46.939Z] WARN  RapidAPI error (attempt 1/3): RapidAPI HTTP 403: {"message":"You are not subscribed to this API."}. Retrying in 5s…
2026-05-31T06:18:52-03:00: [2026-05-31T09:18:52.158Z] WARN  RapidAPI error (attempt 2/3): RapidAPI HTTP 403: {"message":"You are not subscribed to this API."}. Retrying in 15s…
2026-05-31T06:19:07-03:00: [2026-05-31T09:19:07.386Z] WARN  RapidAPI error (attempt 3/3): RapidAPI HTTP 403: {"message":"You are not subscribed to this API."}. Retrying in 45s…
2026-05-31T06:34:16-03:00: [2026-05-31T09:34:16.599Z] ERROR RapidAPI fetch failed after retries: RapidAPI HTTP 429: {"message":"Too many requests"}
2026-05-31T06:34:16-03:00: [2026-05-31T09:34:16.599Z] WARN  No valid price from API. Using last known good: $2230.40
2026-05-31T06:34:16-03:00: [2026-05-31T09:34:16.600Z] ERROR RapidAPI fetch failed after retries: RapidAPI HTTP 429: {"message":"Too many requests"}
2026-05-31T06:34:16-03:00: [2026-05-31T09:34:16.600Z] WARN  No valid price from API. Using last known good: $2230.40
2026-05-31T06:34:16-03:00: [2026-05-31T09:34:16.632Z] WARN  RapidAPI error (attempt 1/3): RapidAPI HTTP 403: {"message":"You are not subscribed to this API."}. Retrying in 5s…
2026-05-31T06:34:17-03:00: [2026-05-31T09:34:17.418Z] ebay_psa9=n/a price=$2230.40 on_chain=2230400000 deviation=+0.0% tx=4JzVtrfoEvAyeSdaSgWj4bBGc5cpdz1rhP8idRpESFgUdy61giXDBK1krLv6NfcSGzkmxEk5u2AoSegaH6FWPryq
2026-05-31T06:34:17-03:00: [2026-05-31T09:34:17.418Z] ebay_psa9=n/a price=$2230.40 on_chain=2230400000 deviation=+0.0% tx=4JzVtrfoEvAyeSdaSgWj4bBGc5cpdz1rhP8idRpESFgUdy61giXDBK1krLv6NfcSGzkmxEk5u2AoSegaH6FWPryq
2026-05-31T06:34:21-03:00: [2026-05-31T09:34:21.829Z] WARN  RapidAPI error (attempt 2/3): RapidAPI HTTP 403: {"message":"You are not subscribed to this API."}. Retrying in 15s…
2026-05-31T06:34:37-03:00: [2026-05-31T09:34:37.369Z] WARN  RapidAPI error (attempt 3/3): RapidAPI HTTP 403: {"message":"You are not subscribed to this API."}. Retrying in 45s…
2026-05-31T06:49:40-03:00: [2026-05-31T09:49:40.727Z] WARN  RapidAPI error (attempt 1/3): RapidAPI HTTP 429: {"message":"Too many requests"}. Retrying in 5s…
2026-05-31T06:49:40-03:00: [2026-05-31T09:49:40.753Z] ERROR RapidAPI fetch failed after retries: RapidAPI HTTP 403: {"message":"You are not subscribed to this API."}
2026-05-31T06:49:40-03:00: [2026-05-31T09:49:40.753Z] WARN  No valid price from API. Using last known good: $2230.40
2026-05-31T06:49:41-03:00: [2026-05-31T09:49:41.433Z] ebay_psa9=n/a price=$2230.40 on_chain=2230400000 deviation=+0.0% tx=2osciwPxdgGdhn8CkAkgL7R1KzTEnDYkbp9rZ9PWy16JU2GydrJpW7EvLJhEzFvUaNw23sdt29S8MoL6Y8hTr6pX
2026-05-31T06:49:45-03:00: [2026-05-31T09:49:45.973Z] WARN  RapidAPI error (attempt 2/3): RapidAPI HTTP 403: {"message":"You are not subscribed to this API."}. Retrying in 15s…
2026-05-31T06:50:01-03:00: [2026-05-31T09:50:01.735Z] WARN  RapidAPI error (attempt 3/3): RapidAPI HTTP 403: {"message":"You are not subscribed to this API."}. Retrying in 45s…
2026-05-31T07:05:13-03:00: [HEALTH] uptime=1933min updates=173 errors=92 last_price=$2230.40 last_update=2026-05-31T09:49:41.433Z
2026-05-31T07:05:13-03:00: [2026-05-31T10:05:13.864Z] WARN  RapidAPI error (attempt 1/3): RapidAPI HTTP 429: {"message":"Too many requests"}. Retrying in 5s…
2026-05-31T07:05:13-03:00: [2026-05-31T10:05:13.892Z] ERROR RapidAPI fetch failed after retries: RapidAPI HTTP 403: {"message":"You are not subscribed to this API."}
2026-05-31T07:05:13-03:00: [2026-05-31T10:05:13.892Z] WARN  No valid price from API. Using last known good: $2230.40
2026-05-31T07:05:14-03:00: [2026-05-31T10:05:14.449Z] ebay_psa9=n/a price=$2230.40 on_chain=2230400000 deviation=+0.0% tx=5tjnLHv6X9npvbQYb8oPQgX8d5G6rnPJVt1qCbE6RWvjfvAPx9jaXpbmT32er7w3PHsDsm5yFa5XXFwat71qQdsK
2026-05-31T07:05:19-03:00: [2026-05-31T10:05:19.096Z] WARN  RapidAPI error (attempt 2/3): RapidAPI HTTP 403: {"message":"You are not subscribed to this API."}. Retrying in 15s…
2026-05-31T07:05:34-03:00: [2026-05-31T10:05:34.628Z] WARN  RapidAPI error (attempt 3/3): RapidAPI HTTP 403: {"message":"You are not subscribed to this API."}. Retrying in 45s…
2026-05-31T07:20:37-03:00: [2026-05-31T10:20:37.541Z] ERROR RapidAPI fetch failed after retries: RapidAPI HTTP 429: {"message":"Too many requests"}
2026-05-31T07:20:37-03:00: [2026-05-31T10:20:37.541Z] WARN  No valid price from API. Using last known good: $2230.40
2026-05-31T07:20:37-03:00: [2026-05-31T10:20:37.589Z] WARN  RapidAPI error (attempt 1/3): RapidAPI HTTP 403: {"message":"You are not subscribed to this API."}. Retrying in 5s…
2026-05-31T07:20:38-03:00: [2026-05-31T10:20:38.730Z] ebay_psa9=n/a price=$2230.40 on_chain=2230400000 deviation=+0.0% tx=3dsReWcV8q77UrbHAL7brGTZcDMNNaFbcF3qvdSYBPAwfpc433VxktpgotGHCZrzjM4R94ax4WCg4qQJAMKfz8Ta
2026-05-31T07:20:42-03:00: [2026-05-31T10:20:42.836Z] WARN  RapidAPI error (attempt 2/3): RapidAPI HTTP 403: {"message":"You are not subscribed to this API."}. Retrying in 15s…
2026-05-31T07:20:58-03:00: [2026-05-31T10:20:58.384Z] WARN  RapidAPI error (attempt 3/3): RapidAPI HTTP 403: {"message":"You are not subscribed to this API."}. Retrying in 45s…
2026-05-31T07:36:01-03:00: [2026-05-31T10:36:01.136Z] WARN  RapidAPI error (attempt 1/3): RapidAPI HTTP 429: {"message":"Too many requests"}. Retrying in 5s…
2026-05-31T07:36:01-03:00: [2026-05-31T10:36:01.169Z] ERROR RapidAPI fetch failed after retries: RapidAPI HTTP 403: {"message":"You are not subscribed to this API."}
2026-05-31T07:36:01-03:00: [2026-05-31T10:36:01.169Z] WARN  No valid price from API. Using last known good: $2230.40
2026-05-31T07:36:02-03:00: [2026-05-31T10:36:02.040Z] ebay_psa9=n/a price=$2230.40 on_chain=2230400000 deviation=+0.0% tx=3gGPXocpvdirtdQfCgnqZDexFgeCzKRDm9Q7KqYS7cR8mbVLzQh2hv5gnPmTUmjuvqmvYdwj1RLEU1VBBvwsehRD
2026-05-31T07:36:06-03:00: [2026-05-31T10:36:06.378Z] WARN  RapidAPI error (attempt 2/3): RapidAPI HTTP 403: {"message":"You are not subscribed to this API."}. Retrying in 15s…
2026-05-31T07:36:22-03:00: [2026-05-31T10:36:22.100Z] WARN  RapidAPI error (attempt 3/3): RapidAPI HTTP 403: {"message":"You are not subscribed to this API."}. Retrying in 45s…
2026-05-31T07:41:00-03:00: [2026-05-31T10:41:00.612Z] WARN  RapidAPI error (attempt 1/3): fetch failed. Retrying in 5s…
2026-05-31T07:41:00-03:00: [2026-05-31T10:41:00.612Z] ERROR RapidAPI fetch failed after retries: fetch failed
2026-05-31T07:41:00-03:00: [2026-05-31T10:41:00.612Z] WARN  No valid price from API. Using last known good: $2230.40
2026-05-31T07:41:00-03:00: [2026-05-31T10:41:00.616Z] ERROR Solana RPC error (attempt 1/3): failed to get recent blockhash: TypeError: fetch failed. Retrying in 5s…
2026-05-31T07:41:05-03:00: [2026-05-31T10:41:05.621Z] WARN  RapidAPI error (attempt 2/3): fetch failed. Retrying in 15s…
2026-05-31T07:41:05-03:00: [2026-05-31T10:41:05.622Z] ERROR Solana RPC error (attempt 2/3): failed to get recent blockhash: TypeError: fetch failed. Retrying in 15s…
2026-05-31T07:42:41-03:00: [2026-05-31T10:42:41.760Z] WARN  RapidAPI error (attempt 3/3): fetch failed. Retrying in 45s…
2026-05-31T07:42:41-03:00: [2026-05-31T10:42:41.760Z] ERROR Solana RPC error (attempt 3/3): failed to get recent blockhash: TypeError: fetch failed. Retrying in 45s…
2026-05-31T08:00:10-03:00: [2026-05-31T11:00:10.798Z] ERROR RapidAPI fetch failed after retries: fetch failed
2026-05-31T08:00:10-03:00: [2026-05-31T11:00:10.798Z] WARN  No valid price from API. Using last known good: $2230.40
2026-05-31T08:00:10-03:00: [2026-05-31T11:00:10.799Z] ERROR Solana TX failed after retries: failed to get recent blockhash: TypeError: fetch failed. Skipping cycle.
2026-05-31T08:00:10-03:00: [2026-05-31T11:00:10.800Z] WARN  RapidAPI error (attempt 1/3): fetch failed. Retrying in 5s…
2026-05-31T08:00:10-03:00: [2026-05-31T11:00:10.800Z] ERROR Solana RPC error (attempt 1/3): failed to get recent blockhash: TypeError: fetch failed. Retrying in 5s…
2026-05-31T08:00:15-03:00: [2026-05-31T11:00:15.805Z] ERROR Solana RPC error (attempt 2/3): failed to get recent blockhash: TypeError: fetch failed. Retrying in 15s…
2026-05-31T08:00:15-03:00: [2026-05-31T11:00:15.806Z] WARN  RapidAPI error (attempt 2/3): fetch failed. Retrying in 15s…
2026-05-31T08:00:31-03:00: [2026-05-31T11:00:31.438Z] WARN  RapidAPI error (attempt 3/3): RapidAPI HTTP 403: {"message":"You are not subscribed to this API."}. Retrying in 45s…
2026-05-31T08:00:31-03:00: [2026-05-31T11:00:31.529Z] ebay_psa9=n/a price=$2230.40 on_chain=2230400000 deviation=+0.0% tx=3WyfMwo61NPpK55QrFGSSVMgQR6xkfQ3dhroboZC6haeEe3SQpQmZR1GEM3WkC5fio9VdyhtDwpHB4VpbRvYcyjY
2026-05-31T08:17:08-03:00: [HEALTH] uptime=2005min updates=177 errors=98 last_price=$2230.40 last_update=2026-05-31T11:00:31.529Z
2026-05-31T08:17:09-03:00: [2026-05-31T11:17:09.666Z] ERROR RapidAPI fetch failed after retries: RapidAPI HTTP 429: {"message":"Too many requests"}
2026-05-31T08:17:09-03:00: [2026-05-31T11:17:09.666Z] WARN  No valid price from API. Using last known good: $2230.40
2026-05-31T08:17:09-03:00: [2026-05-31T11:17:09.705Z] WARN  RapidAPI error (attempt 1/3): RapidAPI HTTP 403: {"message":"You are not subscribed to this API."}. Retrying in 5s…
2026-05-31T08:17:10-03:00: [2026-05-31T11:17:10.369Z] ebay_psa9=n/a price=$2230.40 on_chain=2230400000 deviation=+0.0% tx=4MkhfepuxYK9b1NGb2Mz8pQvCzxiiY2953252twnJ6itL6vZ8F9xRuKFemBrwKs69aZem1gFPZWnH2hMBsgJ9Euu
2026-05-31T08:17:15-03:00: [2026-05-31T11:17:15.020Z] WARN  RapidAPI error (attempt 2/3): RapidAPI HTTP 403: {"message":"You are not subscribed to this API."}. Retrying in 15s…
2026-05-31T08:33:15-03:00: [2026-05-31T11:33:15.696Z] WARN  RapidAPI error (attempt 3/3): RapidAPI HTTP 429: {"message":"Too many requests"}. Retrying in 45s…
2026-05-31T08:33:15-03:00: [2026-05-31T11:33:15.722Z] WARN  RapidAPI error (attempt 1/3): RapidAPI HTTP 403: {"message":"You are not subscribed to this API."}. Retrying in 5s…
2026-05-31T08:43:51-03:00: [2026-05-31T11:43:51.489Z] ERROR RapidAPI fetch failed after retries: RapidAPI HTTP 429: {"message":"Too many requests"}
2026-05-31T08:43:51-03:00: [2026-05-31T11:43:51.489Z] WARN  No valid price from API. Using last known good: $2230.40
2026-05-31T08:43:51-03:00: [2026-05-31T11:43:51.516Z] WARN  RapidAPI error (attempt 2/3): RapidAPI HTTP 403: {"message":"You are not subscribed to this API."}. Retrying in 15s…
2026-05-31T08:43:51-03:00: [2026-05-31T11:43:51.562Z] WARN  RapidAPI error (attempt 1/3): RapidAPI HTTP 429: {"message":"Too many requests"}. Retrying in 5s…
2026-05-31T08:43:52-03:00: [2026-05-31T11:43:52.407Z] ebay_psa9=n/a price=$2230.40 on_chain=2230400000 deviation=+0.0% tx=279fqb7srYAyH3HKX3RgxN2ehWynaH1KBphCTCR7UDJr6bHGaYxBhnJQDeXQcKYbria3FvVYGAr6iDcmPVF5tqrs
2026-05-31T08:43:56-03:00: [2026-05-31T11:43:56.852Z] WARN  RapidAPI error (attempt 2/3): RapidAPI HTTP 403: {"message":"You are not subscribed to this API."}. Retrying in 15s…
2026-05-31T09:01:27-03:00: [2026-05-31T12:01:27.523Z] WARN  RapidAPI error (attempt 3/3): RapidAPI HTTP 429: {"message":"Too many requests"}. Retrying in 45s…
2026-05-31T09:01:27-03:00: [2026-05-31T12:01:27.551Z] WARN  RapidAPI error (attempt 1/3): RapidAPI HTTP 403: {"message":"You are not subscribed to this API."}. Retrying in 5s…
2026-05-31T09:01:27-03:00: [2026-05-31T12:01:27.552Z] WARN  RapidAPI error (attempt 3/3): RapidAPI HTTP 403: {"message":"You are not subscribed to this API."}. Retrying in 45s…
2026-05-31T09:01:32-03:00: [2026-05-31T12:01:32.804Z] WARN  RapidAPI error (attempt 2/3): RapidAPI HTTP 403: {"message":"You are not subscribed to this API."}. Retrying in 15s…
2026-05-31T09:01:48-03:00: [2026-05-31T12:01:48.417Z] WARN  RapidAPI error (attempt 3/3): RapidAPI HTTP 403: {"message":"You are not subscribed to this API."}. Retrying in 45s…
2026-05-31T09:17:46-03:00: [HEALTH] uptime=2066min updates=179 errors=100 last_price=$2230.40 last_update=2026-05-31T11:43:52.407Z
2026-05-31T09:17:47-03:00: [2026-05-31T12:17:47.387Z] ERROR RapidAPI fetch failed after retries: RapidAPI HTTP 429: {"message":"Too many requests"}
2026-05-31T09:17:47-03:00: [2026-05-31T12:17:47.387Z] WARN  No valid price from API. Using last known good: $2230.40
2026-05-31T09:17:47-03:00: [2026-05-31T12:17:47.388Z] ERROR RapidAPI fetch failed after retries: RapidAPI HTTP 429: {"message":"Too many requests"}
2026-05-31T09:17:47-03:00: [2026-05-31T12:17:47.388Z] WARN  No valid price from API. Using last known good: $2230.40
2026-05-31T09:17:47-03:00: [2026-05-31T12:17:47.394Z] WARN  RapidAPI error (attempt 1/3): RapidAPI HTTP 429: {"message":"Too many requests"}. Retrying in 5s…
2026-05-31T09:17:47-03:00: [2026-05-31T12:17:47.417Z] ERROR RapidAPI fetch failed after retries: RapidAPI HTTP 403: {"message":"You are not subscribed to this API."}
2026-05-31T09:17:47-03:00: [2026-05-31T12:17:47.417Z] WARN  No valid price from API. Using last known good: $2230.40
2026-05-31T09:17:48-03:00: [2026-05-31T12:17:48.071Z] ebay_psa9=n/a price=$2230.40 on_chain=2230400000 deviation=+0.0% tx=5m2NA61zkTbnSUMj3dBuq62YbUMF8BmHR58RhbsGEX5z8JMRToi9qv2nYe6bEruQe9J8Ls2WEmTwan9efdRGMUrB
2026-05-31T09:17:48-03:00: [2026-05-31T12:17:48.071Z] ebay_psa9=n/a price=$2230.40 on_chain=2230400000 deviation=+0.0% tx=5m2NA61zkTbnSUMj3dBuq62YbUMF8BmHR58RhbsGEX5z8JMRToi9qv2nYe6bEruQe9J8Ls2WEmTwan9efdRGMUrB
2026-05-31T09:17:48-03:00: [2026-05-31T12:17:48.071Z] ebay_psa9=n/a price=$2230.40 on_chain=2230400000 deviation=+0.0% tx=5m2NA61zkTbnSUMj3dBuq62YbUMF8BmHR58RhbsGEX5z8JMRToi9qv2nYe6bEruQe9J8Ls2WEmTwan9efdRGMUrB
2026-05-31T09:33:51-03:00: [2026-05-31T12:33:51.539Z] WARN  RapidAPI error (attempt 1/3): RapidAPI HTTP 403: {"message":"You are not subscribed to this API."}. Retrying in 5s…
2026-05-31T09:33:51-03:00: [2026-05-31T12:33:51.541Z] WARN  RapidAPI error (attempt 2/3): RapidAPI HTTP 403: {"message":"You are not subscribed to this API."}. Retrying in 15s…
2026-05-31T09:50:37-03:00: [2026-05-31T12:50:37.472Z] WARN  RapidAPI error (attempt 3/3): RapidAPI HTTP 429: {"message":"Too many requests"}. Retrying in 45s…
2026-05-31T09:50:37-03:00: [2026-05-31T12:50:37.474Z] WARN  RapidAPI error (attempt 2/3): RapidAPI HTTP 429: {"message":"Too many requests"}. Retrying in 15s…
2026-05-31T09:50:37-03:00: [2026-05-31T12:50:37.562Z] WARN  RapidAPI error (attempt 1/3): RapidAPI HTTP 403: {"message":"You are not subscribed to this API."}. Retrying in 5s…
2026-05-31T10:08:21-03:00: [2026-05-31T13:08:21.454Z] WARN  RapidAPI error (attempt 2/3): RapidAPI HTTP 403: {"message":"You are not subscribed to this API."}. Retrying in 15s…
2026-05-31T10:08:21-03:00: [2026-05-31T13:08:21.478Z] ERROR RapidAPI fetch failed after retries: RapidAPI HTTP 429: {"message":"Too many requests"}
2026-05-31T10:08:21-03:00: [2026-05-31T13:08:21.478Z] WARN  No valid price from API. Using last known good: $2230.40
2026-05-31T10:08:21-03:00: [2026-05-31T13:08:21.479Z] WARN  RapidAPI error (attempt 3/3): RapidAPI HTTP 429: {"message":"Too many requests"}. Retrying in 45s…
2026-05-31T10:08:21-03:00: [2026-05-31T13:08:21.479Z] WARN  RapidAPI error (attempt 1/3): RapidAPI HTTP 429: {"message":"Too many requests"}. Retrying in 5s…
2026-05-31T10:08:22-03:00: [2026-05-31T13:08:22.780Z] ebay_psa9=n/a price=$2230.40 on_chain=2230400000 deviation=+0.0% tx=KaJLypewN9fDno5FexrM31JkzA4AmP84uA41W1yYCVQ4ZyuVyjYhiwg6YfpmKX7vTDj6fmjKC6vzxCqfxBc4zZT
2026-05-31T10:08:26-03:00: [2026-05-31T13:08:26.766Z] WARN  RapidAPI error (attempt 2/3): RapidAPI HTTP 403: {"message":"You are not subscribed to this API."}. Retrying in 15s…
2026-05-31T10:08:36-03:00: [2026-05-31T13:08:36.717Z] WARN  RapidAPI error (attempt 3/3): RapidAPI HTTP 403: {"message":"You are not subscribed to this API."}. Retrying in 45s…
2026-05-31T10:08:42-03:00: [2026-05-31T13:08:42.326Z] WARN  RapidAPI error (attempt 3/3): RapidAPI HTTP 403: {"message":"You are not subscribed to this API."}. Retrying in 45s…
2026-05-31T10:25:47-03:00: [HEALTH] uptime=2134min updates=183 errors=104 last_price=$2230.40 last_update=2026-05-31T13:08:22.780Z
2026-05-31T10:25:47-03:00: [2026-05-31T13:25:47.282Z] ERROR RapidAPI fetch failed after retries: RapidAPI HTTP 429: {"message":"Too many requests"}
2026-05-31T10:25:47-03:00: [2026-05-31T13:25:47.282Z] WARN  No valid price from API. Using last known good: $2230.40
2026-05-31T10:25:47-03:00: [2026-05-31T13:25:47.285Z] WARN  RapidAPI error (attempt 1/3): RapidAPI HTTP 429: {"message":"Too many requests"}. Retrying in 5s…
2026-05-31T10:25:47-03:00: [2026-05-31T13:25:47.295Z] ERROR RapidAPI fetch failed after retries: RapidAPI HTTP 429: {"message":"Too many requests"}
2026-05-31T10:25:47-03:00: [2026-05-31T13:25:47.295Z] WARN  No valid price from API. Using last known good: $2230.40
2026-05-31T10:25:47-03:00: [2026-05-31T13:25:47.340Z] ERROR RapidAPI fetch failed after retries: RapidAPI HTTP 403: {"message":"You are not subscribed to this API."}
2026-05-31T10:25:47-03:00: [2026-05-31T13:25:47.340Z] WARN  No valid price from API. Using last known good: $2230.40
2026-05-31T10:25:48-03:00: [2026-05-31T13:25:48.055Z] ebay_psa9=n/a price=$2230.40 on_chain=2230400000 deviation=+0.0% tx=357edHQaJwdJdT1HW6NVQEvCLikFbELtEY7nQ9E7UjjXt5eBy4Sq7J7eDMxfKAdyustGfq9gi9Uc5HEFUY2zZFac
2026-05-31T10:25:48-03:00: [2026-05-31T13:25:48.055Z] ebay_psa9=n/a price=$2230.40 on_chain=2230400000 deviation=+0.0% tx=357edHQaJwdJdT1HW6NVQEvCLikFbELtEY7nQ9E7UjjXt5eBy4Sq7J7eDMxfKAdyustGfq9gi9Uc5HEFUY2zZFac
2026-05-31T10:25:48-03:00: [2026-05-31T13:25:48.055Z] ebay_psa9=n/a price=$2230.40 on_chain=2230400000 deviation=+0.0% tx=357edHQaJwdJdT1HW6NVQEvCLikFbELtEY7nQ9E7UjjXt5eBy4Sq7J7eDMxfKAdyustGfq9gi9Uc5HEFUY2zZFac
2026-05-31T10:42:39-03:00: [2026-05-31T13:42:39.429Z] WARN  RapidAPI error (attempt 1/3): RapidAPI HTTP 429: {"message":"Too many requests"}. Retrying in 5s…
2026-05-31T10:42:39-03:00: [2026-05-31T13:42:39.666Z] WARN  RapidAPI error (attempt 2/3): RapidAPI HTTP 403: {"message":"You are not subscribed to this API."}. Retrying in 15s…
2026-05-31T10:44:51-03:00: [2026-05-31T13:44:51.186Z] WARN  RapidAPI error (attempt 3/3): RapidAPI HTTP 429: {"message":"Too many requests"}. Retrying in 45s…
2026-05-31T10:44:51-03:00: [2026-05-31T13:44:51.300Z] WARN  RapidAPI error (attempt 2/3): RapidAPI HTTP 403: {"message":"You are not subscribed to this API."}. Retrying in 15s…
2026-05-31T11:01:19-03:00: [2026-05-31T14:01:19.253Z] WARN  RapidAPI error (attempt 1/3): RapidAPI HTTP 429: {"message":"Too many requests"}. Retrying in 5s…
2026-05-31T11:01:19-03:00: [2026-05-31T14:01:19.254Z] ERROR RapidAPI fetch failed after retries: RapidAPI HTTP 429: {"message":"Too many requests"}
2026-05-31T11:01:19-03:00: [2026-05-31T14:01:19.254Z] WARN  No valid price from API. Using last known good: $2230.40
2026-05-31T11:01:19-03:00: [2026-05-31T14:01:19.520Z] WARN  RapidAPI error (attempt 3/3): RapidAPI HTTP 403: {"message":"You are not subscribed to this API."}. Retrying in 45s…
2026-05-31T11:01:20-03:00: [2026-05-31T14:01:20.064Z] ebay_psa9=n/a price=$2230.40 on_chain=2230400000 deviation=+0.0% tx=5DrbK2haWXfVW2emkH8x5iPG2QJk3Z1vUhbtm9Mt2zGjmnz3XW5Li4CXcRtub3DzfQiPQn9DFe9Pmra6RYfFSmRg
2026-05-31T11:17:41-03:00: [2026-05-31T14:17:41.295Z] WARN  RapidAPI error (attempt 2/3): RapidAPI HTTP 429: {"message":"Too many requests"}. Retrying in 15s…
2026-05-31T11:17:41-03:00: [2026-05-31T14:17:41.315Z] ERROR RapidAPI fetch failed after retries: RapidAPI HTTP 403: {"message":"You are not subscribed to this API."}
2026-05-31T11:17:41-03:00: [2026-05-31T14:17:41.315Z] WARN  No valid price from API. Using last known good: $2230.40
2026-05-31T11:17:41-03:00: [2026-05-31T14:17:41.316Z] WARN  RapidAPI error (attempt 1/3): RapidAPI HTTP 403: {"message":"You are not subscribed to this API."}. Retrying in 5s…
2026-05-31T11:17:42-03:00: [2026-05-31T14:17:42.071Z] ebay_psa9=n/a price=$2230.40 on_chain=2230400000 deviation=+0.0% tx=3TTqKjWDLRus7eHtf8dVq4ehcn18wnZcxqxHgtomSY4JTfKrEKbGc6MNCh2uZyvxa9jDRVfMbLiTn6KjdHGVzF18
2026-05-31T11:17:46-03:00: [2026-05-31T14:17:46.644Z] WARN  RapidAPI error (attempt 2/3): RapidAPI HTTP 403: {"message":"You are not subscribed to this API."}. Retrying in 15s…
2026-05-31T11:17:56-03:00: [2026-05-31T14:17:56.869Z] WARN  RapidAPI error (attempt 3/3): RapidAPI HTTP 403: {"message":"You are not subscribed to this API."}. Retrying in 45s…
2026-05-31T11:18:02-03:00: [2026-05-31T14:18:02.344Z] WARN  RapidAPI error (attempt 3/3): RapidAPI HTTP 403: {"message":"You are not subscribed to this API."}. Retrying in 45s…
2026-05-31T11:27:36-03:00: [HEALTH] uptime=2196min updates=188 errors=109 last_price=$2230.40 last_update=2026-05-31T14:17:42.071Z
2026-05-31T11:27:37-03:00: [2026-05-31T14:27:37.846Z] ERROR RapidAPI fetch failed after retries: RapidAPI HTTP 429: {"message":"Too many requests"}
2026-05-31T11:27:37-03:00: [2026-05-31T14:27:37.846Z] WARN  No valid price from API. Using last known good: $2230.40
2026-05-31T11:27:37-03:00: [2026-05-31T14:27:37.857Z] WARN  RapidAPI error (attempt 1/3): RapidAPI HTTP 429: {"message":"Too many requests"}. Retrying in 5s…
2026-05-31T11:27:37-03:00: [2026-05-31T14:27:37.880Z] ERROR RapidAPI fetch failed after retries: RapidAPI HTTP 403: {"message":"You are not subscribed to this API."}
2026-05-31T11:27:37-03:00: [2026-05-31T14:27:37.881Z] WARN  No valid price from API. Using last known good: $2230.40
2026-05-31T11:27:40-03:00: [2026-05-31T14:27:40.164Z] ebay_psa9=n/a price=$2230.40 on_chain=2230400000 deviation=+0.0% tx=3fJy8pebF1uQ3h1WR6gfiKifPxEG4ZoAm4Ut9E24jXVhCyij6CVpnvQ6gC9k5aJrnsrou7AZNvXMgkY5kfgMYray
2026-05-31T11:27:40-03:00: [2026-05-31T14:27:40.203Z] ebay_psa9=n/a price=$2230.40 on_chain=2230400000 deviation=+0.0% tx=3fJy8pebF1uQ3h1WR6gfiKifPxEG4ZoAm4Ut9E24jXVhCyij6CVpnvQ6gC9k5aJrnsrou7AZNvXMgkY5kfgMYray
2026-05-31T11:27:43-03:00: [2026-05-31T14:27:43.493Z] WARN  RapidAPI error (attempt 2/3): RapidAPI HTTP 403: {"message":"You are not subscribed to this API."}. Retrying in 15s…
2026-05-31T11:27:59-03:00: [2026-05-31T14:27:59.326Z] WARN  RapidAPI error (attempt 3/3): RapidAPI HTTP 403: {"message":"You are not subscribed to this API."}. Retrying in 45s…
2026-05-31T11:28:44-03:00: [2026-05-31T14:28:44.596Z] ERROR RapidAPI fetch failed after retries: RapidAPI HTTP 403: {"message":"You are not subscribed to this API."}
2026-05-31T11:28:44-03:00: [2026-05-31T14:28:44.603Z] WARN  No valid price from API. Using last known good: $2230.40
2026-05-31T11:28:45-03:00: [2026-05-31T14:28:45.828Z] ebay_psa9=n/a price=$2230.40 on_chain=2230400000 deviation=+0.0% tx=3fuUYnAujnLQP2KFcMHxKULJ29wnoyhbFYYzzDQkkRcHDYV9dQQfEfZbAwAEeVcHHRDWPMSM3qQt74uTn61GCk3d
